state,variant,lake,peak_lag_months,peak_r,p_adj,n_eff
Unity,Raw,Victoria,6,0.3936933730870819,0.4650280940488402,5.624597034661941
Unity,Raw,Kyoga,2,0.4602095860905891,0.14352167984576067,11.467231711722503
Unity,Raw,Albert,1,0.5710735765529418,0.03133619712671764,14.214413393326629
Unity,Partial | day-of-year,Victoria,2,0.6148133603892423,0.07027377550870331,9.363423320387334
Unity,Partial | day-of-year,Kyoga,2,-0.23503686502393326,0.35247922504420354,17.702527053320303
Unity,Partial | day-of-year,Albert,6,0.6112462854251673,0.05186838297367903,10.545700427569658
Unity,Anomaly (deseason + detrend),Victoria,2,0.6201152697345886,0.047267536153412185,10.573269999643307
Unity,Anomaly (deseason + detrend),Kyoga,4,0.28603630485197357,0.24735203916059767,18.165907071704048
Unity,Anomaly (deseason + detrend),Albert,6,0.44514353471044865,0.055063514701659544,19.14792315489733
Warrap,Raw,Victoria,6,0.5528428934009113,0.22619459411844234,6.470126944716761
Warrap,Raw,Kyoga,6,-0.5127036695652369,0.13648329518758023,9.740120751902184
Warrap,Raw,Albert,0,0.3120600331577526,0.09990487043818731,28.912895427465347
Warrap,Partial | day-of-year,Victoria,1,0.3178663386182418,0.39082723138916753,9.390897848432212
Warrap,Partial | day-of-year,Kyoga,2,-0.34380686681890943,0.19756336867591168,15.68389769012597
Warrap,Partial | day-of-year,Albert,0,0.3749376402668053,0.005060302224556851,54.359236414899755
Warrap,Anomaly (deseason + detrend),Victoria,1,0.2979085420865443,0.41470577007750004,9.637083988050614
Warrap,Anomaly (deseason + detrend),Kyoga,3,-0.2446876936205965,0.3130285940762514,18.976179193581846
Warrap,Anomaly (deseason + detrend),Albert,1,0.23965784036269322,0.06297923569699655,60.94104814671342
