region,year,tp_mm,ro_mm,runoff_ratio
South Sudan,2000,994.4256,161.67278,0.16257906
South Sudan,2001,1055.8783,159.1152,0.15069464
South Sudan,2002,910.1562,121.01911,0.1329652
South Sudan,2003,1008.4847,132.31412,0.13120092
South Sudan,2004,911.79474,116.34336,0.1275982
South Sudan,2005,990.2623,131.32346,0.13261482
South Sudan,2006,1032.8156,149.41092,0.1446637
South Sudan,2007,1002.6147,150.69215,0.15029916
South Sudan,2008,966.23016,150.75595,0.15602489
South Sudan,2009,858.117,108.69839,0.12667082
South Sudan,2010,1016.2591,141.78572,0.13951729
South Sudan,2011,925.84973,126.86368,0.13702404
South Sudan,2012,969.6722,133.90552,0.13809359
South Sudan,2013,897.3432,122.14951,0.13612352
South Sudan,2014,952.71594,128.1598,0.13452049
South Sudan,2015,822.4265,99.51969,0.1210074
South Sudan,2016,799.2636,89.75428,0.112296216
South Sudan,2017,850.7725,104.19194,0.12246745
South Sudan,2018,820.61536,97.12625,0.11835783
South Sudan,2019,1005.37256,138.7342,0.13799283
South Sudan,2020,895.2662,135.42865,0.15127194
South Sudan,2021,741.5937,90.273834,0.12172951
South Sudan,2022,765.2481,101.94629,0.13321991
South Sudan,2023,681.2773,82.09087,0.12049554
South Sudan,2024,769.65845,97.74514,0.12699807
Uganda,2000,1460.461,356.255,0.24393325
Uganda,2001,1722.237,482.54575,0.28018543
Uganda,2002,1591.0227,413.02808,0.25959912
Uganda,2003,1567.2996,420.9216,0.26856488
Uganda,2004,1599.9232,390.79102,0.24425611
Uganda,2005,1566.5477,407.62323,0.2602048
Uganda,2006,1885.1246,508.78345,0.2698938
Uganda,2007,1648.1356,457.3752,0.27751067
Uganda,2008,1602.4181,418.19183,0.26097548
Uganda,2009,1600.6184,387.3823,0.2420204
Uganda,2010,1849.2528,503.59244,0.27232212
Uganda,2011,1846.263,484.2507,0.26228696
Uganda,2012,1808.6394,505.68198,0.27959248
Uganda,2013,1711.7981,486.59274,0.28425825
Uganda,2014,1600.8765,381.72284,0.23844616
Uganda,2015,1706.0121,455.35355,0.2669111
Uganda,2016,1402.6313,355.2057,0.25324237
Uganda,2017,1568.091,366.0813,0.23345667
Uganda,2018,1704.173,426.586,0.2503185
Uganda,2019,1919.5524,530.9859,0.27661964
Uganda,2020,1991.5372,603.57935,0.3030721
Uganda,2021,1418.4672,355.75378,0.25080156
Uganda,2022,1498.9806,346.27194,0.23100495
Uganda,2023,1730.9116,464.45447,0.26832938
Uganda,2024,1637.9648,431.53537,0.26345825
NE DRC,2000,1608.3739,396.62894,0.24660245
NE DRC,2001,1597.5505,351.39444,0.21995826
NE DRC,2002,1601.5415,357.94205,0.22349845
NE DRC,2003,1591.4031,361.13666,0.22692972
NE DRC,2004,1507.307,282.30035,0.1872879
NE DRC,2005,1577.5474,354.90768,0.22497435
NE DRC,2006,1730.838,454.6056,0.26265058
NE DRC,2007,1602.5343,394.06253,0.24589959
NE DRC,2008,1623.262,383.04953,0.23597518
NE DRC,2009,1669.2363,362.68784,0.2172777
NE DRC,2010,1685.8698,349.95123,0.20757905
NE DRC,2011,1518.8721,306.32025,0.20167613
NE DRC,2012,1505.6731,269.1921,0.17878523
NE DRC,2013,1407.081,250.7955,0.17823814
NE DRC,2014,1441.0669,232.73657,0.16150296
NE DRC,2015,1489.126,258.5055,0.17359544
NE DRC,2016,1349.0721,176.78261,0.13104014
NE DRC,2017,1477.8827,238.3523,0.16127957
NE DRC,2018,1421.8506,213.24164,0.14997472
NE DRC,2019,1540.326,283.03757,0.18375172
NE DRC,2020,1416.2615,273.4465,0.19307628
NE DRC,2021,1382.9706,213.04272,0.15404719
NE DRC,2022,1320.2825,217.40565,0.16466601
NE DRC,2023,1472.5992,271.9557,0.18467732
NE DRC,2024,1115.1707,170.68385,0.15305626
Ethiopia,2000,1238.7155,459.01578,0.37055787
Ethiopia,2001,1351.5145,494.1362,0.36561665
Ethiopia,2002,1133.7843,402.99683,0.35544398
Ethiopia,2003,1180.2433,392.85504,0.33285937
Ethiopia,2004,1197.2094,431.5597,0.36047137
Ethiopia,2005,1230.5403,441.8715,0.35908738
Ethiopia,2006,1393.2684,488.89072,0.35089484
Ethiopia,2007,1319.2836,475.0077,0.36004972
Ethiopia,2008,1315.1921,493.60605,0.375311
Ethiopia,2009,1068.5396,363.45975,0.34014627
Ethiopia,2010,1324.6858,499.5644,0.37711915
Ethiopia,2011,1286.2092,454.3304,0.35323212
Ethiopia,2012,1332.4221,466.17703,0.34987187
Ethiopia,2013,1267.5468,471.50485,0.37198222
Ethiopia,2014,1363.5488,536.3566,0.39335343
Ethiopia,2015,1176.8267,411.65964,0.34980482
Ethiopia,2016,1089.7247,403.61987,0.370387
Ethiopia,2017,1213.7795,459.87766,0.3788807
Ethiopia,2018,1176.35,436.7105,0.371242
Ethiopia,2019,1416.2136,537.6064,0.37960824
Ethiopia,2020,1282.9027,501.06,0.39056742
Ethiopia,2021,1036.9961,384.26358,0.3705545
Ethiopia,2022,1096.693,424.42133,0.38700104
Ethiopia,2023,1067.278,399.61847,0.37442774
Ethiopia,2024,1075.2677,386.37793,0.35933185
West Kenya,2000,1792.2987,496.76767,0.2771679
West Kenya,2001,2298.8635,831.06604,0.36151168
West Kenya,2002,2192.3276,667.8686,0.30463904
West Kenya,2003,1889.0171,628.9336,0.33294225
West Kenya,2004,2175.9004,691.50085,0.31779987
West Kenya,2005,1869.6364,591.2344,0.3162296
West Kenya,2006,2602.0203,843.6042,0.32421124
West Kenya,2007,2149.0823,774.372,0.36032683
West Kenya,2008,2023.8237,618.40735,0.30556384
West Kenya,2009,1929.1359,483.54553,0.25065395
West Kenya,2010,2492.9224,930.86896,0.3734047
West Kenya,2011,2360.853,719.02954,0.30456346
West Kenya,2012,2325.861,774.2814,0.33290094
West Kenya,2013,2231.5063,787.7725,0.35302275
West Kenya,2014,2008.1411,589.05304,0.2933325
West Kenya,2015,2350.3184,786.642,0.33469594
West Kenya,2016,1831.1389,595.5931,0.32525828
West Kenya,2017,1888.5242,509.13977,0.26959664
West Kenya,2018,2277.9766,737.8964,0.32392627
West Kenya,2019,2505.6426,828.18115,0.33052644
West Kenya,2020,2815.211,1096.3804,0.38944873
West Kenya,2021,1921.1206,586.81775,0.30545595
West Kenya,2022,2037.3947,582.00037,0.28565913
West Kenya,2023,2386.4412,757.1729,0.3172812
West Kenya,2024,2380.2559,817.7091,0.3435383
Sudan central,2000,140.91672,0.84637755,0.0060062255
Sudan central,2001,225.18495,2.6412108,0.011729074
Sudan central,2002,142.81908,0.80301857,0.005622628
Sudan central,2003,214.45029,1.8509188,0.008630992
Sudan central,2004,143.94098,0.9976971,0.0069312933
Sudan central,2005,179.92792,1.0316956,0.0057339384
Sudan central,2006,187.1943,1.2380301,0.00661361
Sudan central,2007,258.80334,5.3338346,0.020609604
Sudan central,2008,145.35391,1.0967048,0.007545066
Sudan central,2009,112.485825,0.7043605,0.006261771
Sudan central,2010,136.85345,0.8785828,0.0064198803
Sudan central,2011,128.36516,0.9650637,0.0075181127
Sudan central,2012,122.51841,0.7280756,0.005942581
Sudan central,2013,151.71646,2.3949485,0.015785687
Sudan central,2014,197.77556,3.3550425,0.016963888
Sudan central,2015,104.28079,0.5361636,0.0051415376
Sudan central,2016,149.60881,1.0501282,0.0070191603
Sudan central,2017,127.336,0.6843595,0.0053744386
Sudan central,2018,174.0684,1.1796927,0.006777179
Sudan central,2019,270.828,5.265418,0.019441927
Sudan central,2020,194.68076,14.754598,0.075788684
Sudan central,2021,114.94256,2.31345,0.020127011
Sudan central,2022,154.85442,2.6266687,0.016962182
Sudan central,2023,60.945396,0.2889736,0.0047415164
Sudan central,2024,196.62538,4.5496006,0.023138419
