year,flood_mean,flood_max,South Sudan_ratio,Uganda_ratio,NE DRC_ratio,Ethiopia_ratio,West Kenya_ratio,Sudan central_ratio
2000,73.8952380952381,705,0.16257906,0.24393325,0.24660245,0.37055787,0.2771679,0.0060062255
2001,106.07380073800738,713,0.15069464,0.28018543,0.21995826,0.36561665,0.36151168,0.011729074
2002,485.0372881355932,8532,0.1329652,0.25959912,0.22349845,0.35544398,0.30463904,0.005622628
2003,1087.840782122905,12203,0.13120092,0.26856488,0.22692972,0.33285937,0.33294225,0.008630992
2004,631.7050561797753,7495,0.1275982,0.24425611,0.1872879,0.36047137,0.31779987,0.0069312933
2005,1174.2785515320334,8786,0.13261482,0.2602048,0.22497435,0.35908738,0.3162296,0.0057339384
2006,2371.0700636942674,26912,0.1446637,0.2698938,0.26265058,0.35089484,0.32421124,0.00661361
2007,3678.6235632183907,24701,0.15029916,0.27751067,0.24589959,0.36004972,0.36032683,0.020609604
2008,3692.868493150685,26301,0.15602489,0.26097548,0.23597518,0.375311,0.30556384,0.007545066
2009,2697.8126721763088,31414,0.12667082,0.2420204,0.2172777,0.34014627,0.25065395,0.006261771
2010,1498.0055248618785,25185,0.13951729,0.27232212,0.20757905,0.37711915,0.3734047,0.0064198803
2011,1035.856338028169,12949,0.13702404,0.26228696,0.20167613,0.35323212,0.30456346,0.0075181127
2012,1682.6117318435754,18463,0.13809359,0.27959248,0.17878523,0.34987187,0.33290094,0.005942581
2013,2800.5238095238096,22782,0.13612352,0.28425825,0.17823814,0.37198222,0.35302275,0.015785687
2014,4097.994413407821,33262,0.13452049,0.23844616,0.16150296,0.39335343,0.2933325,0.016963888
2015,4177.099447513812,37288,0.1210074,0.2669111,0.17359544,0.34980482,0.33469594,0.0051415376
2016,1883.0886426592797,17713,0.112296216,0.25324237,0.13104014,0.370387,0.32525828,0.0070191603
2017,1417.2853185595568,28375,0.12246745,0.23345667,0.16127957,0.3788807,0.26959664,0.0053744386
2018,1489.35989010989,13966,0.11835783,0.2503185,0.14997472,0.371242,0.32392627,0.006777179
2019,1415.3994490358127,12557,0.13799283,0.27661964,0.18375172,0.37960824,0.33052644,0.019441927
2020,7457.061452513966,40943,0.15127194,0.3030721,0.19307628,0.39056742,0.38944873,0.075788684
2021,10888.002770083103,59479,0.12172951,0.25080156,0.15404719,0.3705545,0.30545595,0.020127011
2022,24622.704735376046,106819,0.13321991,0.23100495,0.16466601,0.38700104,0.28565913,0.016962182
2023,35225.303867403316,116215,0.12049554,0.26832938,0.18467732,0.37442774,0.3172812,0.0047415164
2024,29330.021978021978,94465,0.12699807,0.26345825,0.15305626,0.35933185,0.3435383,0.023138419
