country,year,dry_start,dry_end,dry_duration
South Sudan,2000,2000-01-01,2000-03-22,82
South Sudan,2001,2001-01-01,2001-03-03,62
South Sudan,2002,2002-01-07,2002-02-26,51
South Sudan,2003,2003-01-21,2003-02-20,31
South Sudan,2004,2004-01-25,2004-02-28,35
South Sudan,2005,2005-01-01,2005-02-25,56
South Sudan,2006,2006-01-01,2006-02-21,52
South Sudan,2007,2007-01-01,2007-02-22,53
South Sudan,2008,2008-11-14,2008-12-31,48
South Sudan,2009,2009-01-31,2009-02-26,27
South Sudan,2010,2010-01-03,2010-02-14,43
South Sudan,2011,2011-01-01,2011-02-25,56
South Sudan,2012,2012-01-01,2012-02-16,47
South Sudan,2013,2013-01-31,2013-03-09,38
South Sudan,2014,2014-01-01,2014-03-02,61
South Sudan,2015,2015-01-01,2015-02-25,56
South Sudan,2016,2016-01-01,2016-03-07,67
South Sudan,2017,2017-01-01,2017-03-15,74
South Sudan,2018,2018-01-01,2018-02-19,50
South Sudan,2019,2019-01-01,2019-02-23,54
South Sudan,2020,2020-02-01,2020-03-07,36
South Sudan,2021,2021-01-01,2021-03-15,74
South Sudan,2022,2022-01-19,2022-03-10,51
South Sudan,2023,2023-01-01,2023-03-11,70
South Sudan,2024,2024-01-01,2024-03-24,84
Uganda,2000,2000-01-26,2000-02-02,8
Uganda,2001,2001-02-26,2001-03-04,7
Uganda,2002,2002-05-29,2002-06-05,8
Uganda,2003,2003-01-09,2003-01-17,9
Uganda,2004,2004-06-27,2004-07-09,13
Uganda,2005,2005-02-10,2005-02-25,16
Uganda,2006,2006-01-22,2006-01-28,7
Uganda,2007,2007-03-31,2007-04-08,9
Uganda,2008,2008-04-03,2008-04-08,6
Uganda,2009,2009-01-09,2009-01-16,8
Uganda,2010,2010-12-14,2010-12-20,7
Uganda,2011,2011-01-26,2011-01-30,5
Uganda,2012,2012-01-21,2012-02-11,22
Uganda,2013,2013-02-23,2013-03-03,9
Uganda,2014,2014-01-11,2014-01-19,9
Uganda,2015,2015-01-02,2015-01-21,20
Uganda,2016,2016-12-18,2016-12-26,9
Uganda,2017,2017-01-03,2017-01-25,23
Uganda,2018,2018-01-27,2018-02-07,12
Uganda,2019,2019-03-15,2019-03-24,10
Uganda,2020,2020-01-20,2020-01-25,6
Uganda,2021,2021-06-22,2021-06-27,6
Uganda,2022,2022-01-04,2022-01-13,10
Uganda,2023,2023-02-10,2023-02-21,12
Uganda,2024,2024-06-25,2024-07-04,10
NE DRC,2000,2000-01-26,2000-02-05,11
NE DRC,2001,2001-01-05,2001-01-17,13
NE DRC,2002,2002-01-08,2002-01-23,16
NE DRC,2003,2003-01-01,2003-01-20,20
NE DRC,2004,2004-01-25,2004-02-11,18
NE DRC,2005,2005-01-01,2005-01-22,22
NE DRC,2006,2006-12-09,2006-12-19,11
NE DRC,2007,2007-01-01,2007-02-05,36
NE DRC,2008,2008-12-14,2008-12-30,17
NE DRC,2009,2009-01-03,2009-01-17,15
NE DRC,2010,2010-01-22,2010-02-02,12
NE DRC,2011,2011-11-25,2011-12-15,21
NE DRC,2012,2012-01-01,2012-01-31,31
NE DRC,2013,2013-12-14,2013-12-31,18
NE DRC,2014,2014-01-01,2014-01-24,24
NE DRC,2015,2015-01-01,2015-01-28,28
NE DRC,2016,2016-01-01,2016-02-16,47
NE DRC,2017,2017-12-03,2017-12-29,27
NE DRC,2018,2018-01-01,2018-01-23,23
NE DRC,2019,2019-12-17,2019-12-31,15
NE DRC,2020,2020-12-06,2020-12-31,26
NE DRC,2021,2021-02-19,2021-03-12,22
NE DRC,2022,2022-01-18,2022-03-01,43
NE DRC,2023,2023-01-01,2023-02-25,56
NE DRC,2024,2024-01-01,2024-02-16,47
Ethiopia,2000,2000-01-01,2000-03-07,67
Ethiopia,2001,2001-02-13,2001-03-05,21
Ethiopia,2002,2002-01-17,2002-03-01,44
Ethiopia,2003,2003-01-28,2003-02-21,25
Ethiopia,2004,2004-02-25,2004-03-14,19
Ethiopia,2005,2005-11-22,2005-12-31,40
Ethiopia,2006,2006-01-01,2006-01-16,16
Ethiopia,2007,2007-11-26,2007-12-31,36
Ethiopia,2008,2008-01-23,2008-03-13,51
Ethiopia,2009,2009-01-01,2009-01-20,20
Ethiopia,2010,2010-01-03,2010-01-21,19
Ethiopia,2011,2011-01-04,2011-03-06,62
Ethiopia,2012,2012-01-01,2012-02-18,49
Ethiopia,2013,2013-01-11,2013-03-07,56
Ethiopia,2014,2014-01-01,2014-02-20,51
Ethiopia,2015,2015-01-01,2015-03-18,77
Ethiopia,2016,2016-01-01,2016-02-26,57
Ethiopia,2017,2017-01-01,2017-02-13,44
Ethiopia,2018,2018-01-01,2018-02-18,49
Ethiopia,2019,2019-01-01,2019-02-20,51
Ethiopia,2020,2020-12-01,2020-12-31,31
Ethiopia,2021,2021-01-02,2021-02-20,50
Ethiopia,2022,2022-01-19,2022-02-27,40
Ethiopia,2023,2023-01-01,2023-03-07,66
Ethiopia,2024,2024-11-29,2024-12-31,33
West Kenya,2000,2000-01-01,2000-01-08,8
West Kenya,2001,2001-02-26,2001-03-04,7
West Kenya,2002,2002-01-31,2002-02-08,9
West Kenya,2003,2003-03-01,2003-03-10,10
West Kenya,2004,2004-02-08,2004-02-15,8
West Kenya,2005,2005-02-10,2005-02-24,15
West Kenya,2006,2006-02-02,2006-02-12,11
West Kenya,2007,2007-03-31,2007-04-06,7
West Kenya,2008,2008-01-01,2008-01-07,7
West Kenya,2009,2009-01-10,2009-01-15,6
West Kenya,2010,2010-01-26,2010-02-03,9
West Kenya,2011,2011-02-22,2011-03-04,11
West Kenya,2012,2012-01-21,2012-02-12,23
West Kenya,2013,2013-02-22,2013-03-05,12
West Kenya,2014,2014-02-27,2014-03-04,6
West Kenya,2015,2015-03-02,2015-03-18,17
West Kenya,2016,2016-12-17,2016-12-27,11
West Kenya,2017,2017-01-15,2017-01-26,12
West Kenya,2018,2018-02-10,2018-02-17,8
West Kenya,2019,2019-01-27,2019-02-05,10
West Kenya,2020,2020-02-07,2020-02-11,5
West Kenya,2021,2021-01-27,2021-02-03,8
West Kenya,2022,2022-02-26,2022-03-08,11
West Kenya,2023,2023-01-14,2023-01-21,8
West Kenya,2024,2024-03-12,2024-03-21,10
Sudan central,2000,2000-01-01,2000-04-14,105
Sudan central,2001,2001-01-01,2001-05-26,146
Sudan central,2002,2002-01-01,2002-05-28,148
Sudan central,2003,2003-01-01,2003-05-27,147
Sudan central,2004,2004-01-01,2004-06-10,162
Sudan central,2005,2005-01-01,2005-05-23,143
Sudan central,2006,2006-01-01,2006-05-08,128
Sudan central,2007,2007-01-01,2007-04-28,118
Sudan central,2008,2008-01-01,2008-04-20,111
Sudan central,2009,2009-01-01,2009-06-08,159
Sudan central,2010,2010-01-01,2010-06-03,154
Sudan central,2011,2011-01-01,2011-05-21,141
Sudan central,2012,2012-01-01,2012-05-23,144
Sudan central,2013,2013-01-01,2013-06-18,169
Sudan central,2014,2014-01-01,2014-04-19,109
Sudan central,2015,2015-01-01,2015-05-30,150
Sudan central,2016,2016-01-01,2016-05-04,125
Sudan central,2017,2017-01-01,2017-05-14,134
Sudan central,2018,2018-01-01,2018-05-26,146
Sudan central,2019,2019-01-01,2019-05-27,147
Sudan central,2020,2020-01-01,2020-06-08,160
Sudan central,2021,2021-01-01,2021-05-03,123
Sudan central,2022,2022-01-01,2022-06-27,178
Sudan central,2023,2023-01-01,2023-06-03,154
Sudan central,2024,2024-01-01,2024-07-11,193
