year,rain_total,rain_mean,flood_mean,flood_max,rain_anom,flood_anom,rain_rank,flood_rank,rank_mismatch
2000,994.4256,2.7170098,42.39890710382514,705,0.86391944,-0.6052005252831673,7.0,25.0,18.0
2001,1055.8783,2.8928173,78.75616438356164,713,1.4627191,-0.6013206993841873,1.0,24.0,23.0
2002,910.1562,2.4935787,392.0164383561644,8532,0.04279209,-0.567891463654741,14.0,23.0,9.0
2003,1008.4847,2.7629716,1066.978082191781,12203,1.0009122,-0.4958636523591125,4.0,20.0,16.0
2004,911.79474,2.4912424,614.4453551912568,7495,0.05875824,-0.544155199239113,13.0,22.0,9.0
2005,990.2623,2.7130475,1154.9753424657533,8786,0.8233522,-0.48647311866666815,8.0,19.0,11.0
2006,1032.8156,2.8296316,2039.7698630136986,26912,1.237994,-0.3920532159307515,2.0,12.0,10.0
2007,1002.6147,2.7468896,3507.290410958904,24701,0.9437145,-0.235448327245258,6.0,9.0,3.0
2008,966.23016,2.6399732,3682.77868852459,26301,0.58918107,-0.2167212830398031,10.0,8.0,2.0
2009,858.117,2.3510056,2683.0301369863014,31414,-0.46428156,-0.32340838247861986,17.0,11.0,6.0
2010,1016.2591,2.7842715,1485.6931506849314,25185,1.0766666,-0.45118092080613875,3.0,15.0,12.0
2011,925.84973,2.5365746,1007.4767123287671,12949,0.19571112,-0.5022132775259143,12.0,21.0,9.0
2012,969.6722,2.6493776,1645.8333333333333,18463,0.6227203,-0.4340917321655829,9.0,14.0,5.0
2013,897.3432,2.4584746,2739.142465753425,22782,-0.082058616,-0.31742041521454084,15.0,10.0,5.0
2014,952.71594,2.6101806,4019.4027397260274,33262,0.45749748,-0.18079880676437768,11.0,7.0,4.0
2015,822.4265,2.2532234,4142.767123287671,37288,-0.81205237,-0.16763410826494168,19.0,6.0,13.0
2016,799.2636,2.1837804,1857.363387978142,17713,-1.0377533,-0.41151852819397927,21.0,13.0,8.0
2017,850.7725,2.3308835,1401.7534246575342,28375,-0.53584677,-0.46013845906290607,18.0,18.0,0.0
2018,820.61536,2.2482612,1485.2794520547945,13966,-0.8297004,-0.4512250682138277,20.0,16.0,4.0
2019,1005.37256,2.7544453,1407.6438356164383,12557,0.97058743,-0.45950987014548167,5.0,17.0,12.0
2020,895.2662,2.4460824,7294.065573770492,40943,-0.10229731,0.16865334184513128,16.0,5.0,11.0
2021,741.5937,2.0317636,10768.682191780821,59479,-1.5996933,0.5394433450584905,24.0,4.0,20.0
2022,765.2481,2.0965703,24217.94794520548,106819,-1.369203,1.9746673827496688,23.0,3.0,20.0
2023,681.2773,1.8665131,34935.78082191781,116215,-2.1874208,3.118409476826247,25.0,1.0,24.0
2024,769.65845,2.102892,29169.748633879783,94465,-1.3262283,2.5030935071595763,22.0,2.0,20.0
