lag_days,pearson_r_raw,pearson_p_raw,spearman_r_raw,spearman_p_raw,pearson_r_cumulative,pearson_p_cumulative,n_samples
-30,-0.2603539355437219,6.399410294946452e-141,-0.4664098936494173,0.0,,,9102
-23,-0.2634319668734045,1.8669065387503886e-144,-0.4596420729685923,0.0,,,9109
-16,-0.26540649187822557,8.639362496394186e-147,-0.44529868621236846,0.0,,,9116
-9,-0.25814719944680153,8.293398749134804e-139,-0.4245115979067312,0.0,,,9123
-2,-0.2562701896563365,7.35110409724131e-137,-0.40265997480336657,0.0,,,9130
5,-0.2416955345370711,1.8545885346232872e-121,-0.3582230425913793,1.72981566509149e-274,-0.3064612557686456,8.411115853069073e-198,9127
12,-0.2251232423767211,3.907186622346849e-105,-0.32108786250979704,9.564277502165192e-218,-0.3042732590433755,7.068818092884997e-195,9120
19,-0.20745531207207482,3.7200325856077684e-89,-0.2730782469279586,1.4445216955603346e-155,-0.2973468358965276,8.746653262381232e-186,9113
26,-0.1806384542048436,1.2055056558730072e-67,-0.21924228094097845,1.5715640828098408e-99,-0.28665103117742863,3.123780429886566e-172,9106
33,-0.16226784728092986,9.995132019217191e-55,-0.17336158366708937,2.5279777180507975e-62,-0.2754824457953732,1.0604659669233294e-158,9099
40,-0.1357442312930244,1.1930636878363344e-38,-0.12767288441035052,2.3649361877010243e-34,-0.26392711032601784,2.3436701456409523e-145,9092
47,-0.10636794691555215,2.813811395126587e-24,-0.07442352560007584,1.2245517300758483e-12,-0.25062657570436964,8.346179341551177e-131,9085
54,-0.07650630392481729,2.8968974624902593e-13,-0.016601773210617597,0.11372175621051007,-0.23591777935448988,1.0654915151657126e-115,9078
61,-0.03976404348981189,0.000151757812855743,0.036815024078432054,0.00045313013476624845,-0.2197271782873774,3.0482917637225787e-100,9071
68,-0.005883165804620341,0.5754558071387149,0.08908917950161685,1.9376839750996208e-17,-0.20207615724147115,9.281804921975488e-85,9064
75,0.0199548183464423,0.05756545806546151,0.12670235014289585,9.913718696651993e-34,-0.1846868798639865,7.208502354936909e-71,9057
82,0.05041483911456309,1.5991620325949784e-06,0.1649200373710703,3.357859295880081e-56,-0.16623930605436263,1.3970581469052023e-57,9050
89,0.08123575916544895,1.0194185199566823e-14,0.21113306402444856,1.1817201667416913e-91,-0.1472719330481019,1.920478884924305e-45,9043
96,0.10504615687443734,1.3527935323022384e-23,0.24523724680192258,7.1986135716884965e-124,-0.12812476139431542,9.982954549709174e-35,9036
103,0.12915327349068986,6.877566620887193e-35,0.26764963533333047,6.191334687292526e-148,-0.1087329991967332,2.0179693566317097e-25,9029
110,0.1571896838410193,5.2740908232834937e-51,0.2901527901143807,1.60824163269368e-174,-0.08890529551716157,1.7221301703835684e-17,9022
117,0.17777901238728863,6.578867269657108e-65,0.3107269349164288,5.139622504205287e-201,-0.0691244749803705,3.7843959646856874e-11,9015
124,0.17962469244877521,3.389129608419349e-66,0.31743310582708356,5.20319807279462e-210,-0.04979808114547948,1.9280707281334826e-06,9008
131,0.1879893885805267,2.1948289478923244e-72,0.3257698197619224,1.5111355377857865e-221,-0.031569914810540806,0.0025525431904208323,9001
138,0.18517468037151233,3.37010468836382e-70,0.3299818579146318,2.0028222230403477e-227,-0.01446781918273557,0.16685693971130075,8994
145,0.17703654773265742,3.520319862538487e-64,0.3233005982566238,1.0449567527060956e-217,0.0010403495100331215,0.9208220074087367,8987
152,0.1758413402351644,2.7973088231590205e-63,0.31945548061388673,3.67713242951726e-212,0.016060264806573354,0.12489494411609778,8980
159,0.1684910534024472,3.9271879678479374e-58,0.3079655149787614,2.0998223468544562e-196,0.029955496534051267,0.00420066776584043,8973
166,0.16486349938285172,1.170878364796175e-55,0.2907344300673119,3.6142072303584013e-174,0.04318576203145235,3.658828300147953e-05,8966
173,0.13976665815244976,2.554107350405693e-40,0.2694687382781359,7.45221986827276e-149,0.05476012381310043,1.6419596004687346e-07,8959
180,0.12808955801330357,4.62185453273181e-34,0.24302070282716481,1.7028742811273996e-120,0.06491487209545689,5.341705745141742e-10,8952
