region,threshold,pearson_r,pearson_p,spearman_r,spearman_p,n_years,mean_duration
Ethiopia,abs_0.5mm,0.2733456898012875,0.18613402961368608,0.21991161901004858,0.2908474639658919,25,30.72
Ethiopia,abs_1.0mm,0.13804863667249567,0.5104947860610515,0.13289692201229447,0.5265479906887885,25,42.96
Ethiopia,abs_2.0mm,0.050092571737716626,0.8120447029280543,0.11889189029342943,0.5713670563233658,25,56.92
Ethiopia,abs_5.0mm,-0.0798323526355637,0.7044409301094621,-0.06158585350662427,0.7699486957776069,25,96.12
Ethiopia,pct_10,0.3033745517446124,0.14042333109635405,0.1817841920041756,0.384482737648736,25,12.8
Ethiopia,pct_25,0.2733456898012875,0.18613402961368608,0.21991161901004858,0.2908474639658919,25,30.72
Ethiopia,pct_50,-0.035103035876993954,0.8677002354457783,-0.07662692829294492,0.7158165216028778,25,69.84
Ethiopia,roll10_1mm,0.13006084611239088,0.5354868565260418,0.045043331738494286,0.8307072852414707,25,61.04
Ethiopia,roll10_2mm,0.07236953992165433,0.7310165012423144,0.24359276163407603,0.24064047315493817,25,89.6
Ethiopia,roll5_1mm,0.06216611733690547,0.7678390098535015,0.09393652089053507,0.6551447915109521,25,52.08
NE DRC,abs_0.5mm,0.36553841951404925,0.0723527505287303,0.42606650104952265,0.033696824974311534,25,18.88
NE DRC,abs_1.0mm,0.7610177304503551,1.0013250122815457e-05,0.6067375283749316,0.0013014826584164985,25,24.76
NE DRC,abs_2.0mm,0.6229564586204368,0.0008804374328084293,0.5049153761718981,0.010045804398281516,25,30.56
NE DRC,abs_5.0mm,0.5754120053117839,0.002617441427232932,0.11053351078088255,0.5988955402301701,25,51.04
NE DRC,pct_10,0.4361057923068382,0.02930723587455034,0.49605044972002516,0.011672018921983811,25,12.92
NE DRC,pct_25,0.7610177304503551,1.0013250122815457e-05,0.6067375283749316,0.0013014826584164985,25,24.76
NE DRC,pct_50,0.505687008741467,0.009913637735699341,0.37851392217067764,0.06207133843343075,25,37.24
NE DRC,roll10_1mm,0.6271214874649664,0.0007935918143800239,0.5239655939836814,0.007179829181245244,25,36.0
NE DRC,roll10_2mm,0.5941246478470772,0.0017390223372920005,0.3455175323090603,0.09070354024898163,25,50.16
NE DRC,roll5_1mm,0.5851411899289927,0.0021226285048196836,0.4781522907624778,0.015621893979013639,25,31.12
South Sudan,abs_0.5mm,0.14159284035915426,0.4995912214030454,-0.06702627371054852,0.7502330682758558,25,40.76
South Sudan,abs_1.0mm,0.3746859835900229,0.06497935461908347,0.10358112417488533,0.622210680804207,25,54.32
South Sudan,abs_2.0mm,0.13161187871102378,0.530589418273424,0.03429016904852586,0.8707383981885257,25,74.56
South Sudan,abs_5.0mm,-0.12048171304918977,0.5661953068071849,-0.08588492301092965,0.6831302642779745,25,101.04
South Sudan,pct_10,0.39507910057819395,0.050628063026119385,0.3872725945515649,0.05579560539430117,25,12.0
South Sudan,pct_25,0.4689046029787849,0.018056940209176364,0.33590558187998065,0.10066376965462791,25,30.64
South Sudan,pct_50,0.19567401891020553,0.3485598415747965,0.027381511266910016,0.8966278409913667,25,72.68
South Sudan,roll10_1mm,0.24724188165167438,0.23344594376516237,0.1459940099787235,0.48621377880472405,25,77.4
South Sudan,roll10_2mm,0.3069697891796285,0.1355475948838622,0.2606353468970994,0.20826719236105531,25,98.68
South Sudan,roll5_1mm,0.1871550619926504,0.3703492780380729,0.016939372619604688,0.9359460127319097,25,71.4
Sudan central,abs_0.5mm,0.25841537033046375,0.21230795760603302,0.10542517132815424,0.6159908068074208,25,134.52
Sudan central,abs_1.0mm,0.46904720425836444,0.018017169641327716,0.22859345736684072,0.2717310599078687,25,143.76
Sudan central,abs_2.0mm,0.35106552136761027,0.08530181631782188,0.39045078034696556,0.053644511945095674,25,164.76
Sudan central,abs_5.0mm,0.2641346007310429,0.20200409959109245,0.0488931891520408,0.8164691421403716,25,225.96
Sudan central,pct_50,0.006770135076153823,0.9743780288264206,-0.09388226935791837,0.65533190416881,25,75.08
Sudan central,roll10_1mm,0.2378120817880385,0.2523328371976611,0.4193921049185698,0.036894469835868575,25,177.6
Sudan central,roll10_2mm,0.44717866286616426,0.02501049395757905,0.26592269198735174,0.19885368122804598,25,217.96
Sudan central,roll5_1mm,0.3309481049086983,0.10610802751581469,0.4607093296426208,0.02046595855823069,25,168.76
Uganda,abs_0.5mm,-0.1279163288371541,0.5422930436591399,-0.10407098169407855,0.6205559376270022,25,6.32
Uganda,abs_1.0mm,-0.02369795141585771,0.9104753637865214,0.03680125490952794,0.861358917709871,25,10.44
Uganda,abs_2.0mm,0.19497123718172799,0.350328027984916,0.04898766883271787,0.8161204131856641,25,16.24
Uganda,abs_5.0mm,0.2072897455659386,0.3201059428172547,-0.06205448516311114,0.7682447507744116,25,36.0
Uganda,pct_10,-0.13133303202028765,0.5314683192748316,-0.05347973146375255,0.7995803225974315,25,8.56
Uganda,pct_25,0.232354181218912,0.2637057399808282,0.1698525221933517,0.41695985138304,25,14.64
Uganda,pct_50,0.1298243969503176,0.5362353148590235,0.05129212673942299,0.8076252216329203,25,25.76
Uganda,roll10_1mm,0.0806958626928171,0.7013868573545099,0.06406831395476252,0.7609344451779416,25,10.24
Uganda,roll10_2mm,0.21794179662547475,0.295299312410737,0.060454410763780664,0.7740668822218045,25,23.88
Uganda,roll5_1mm,-0.012542240360507492,0.9525516713366667,0.050995287894872905,0.808718327458421,25,11.68
West Kenya,abs_0.5mm,-0.18278494522611632,0.38182619993498523,-0.2820093837115385,0.17201170736298033,25,7.28
West Kenya,abs_1.0mm,-0.09595661850982455,0.64819197180461,-0.10467475359435856,0.6185188540719674,25,9.96
West Kenya,abs_2.0mm,0.2383143686432771,0.2513024862668194,-0.09899497981440425,0.6377883063182692,25,14.32
West Kenya,abs_5.0mm,0.16821422109418413,0.42153376853291424,0.039707122410051206,0.850527644603333,25,25.44
West Kenya,pct_10,-0.14055490294410908,0.5027723873178311,-0.22201298973132122,0.2861450034991811,25,8.16
West Kenya,pct_25,0.08089921312653392,0.7006682974509608,-0.12379228022317403,0.5554937526079599,25,13.84
West Kenya,pct_50,0.17076758645218093,0.41441705059092176,0.008477857740848915,0.9679179764077432,25,24.08
West Kenya,roll10_1mm,0.26533237299600854,0.2101788079289879,0.07142867982604806,0.7401375427665655,24,10.958333333333334
West Kenya,roll10_2mm,0.16788888832919527,0.4224453093767511,0.021215132171649474,0.9198235517351161,25,16.88
West Kenya,roll5_1mm,0.29257194691236105,0.1558282181068272,0.0069579541056407,0.9736674543632644,25,11.52
