year,rain_mean,flood_mean,flood_max,flood_sudd_mean,flood_other_mean
2000,2.7170098,42.39890710382514,705,12.6775956284153,29.721311475409838
2001,2.8928173,78.75616438356164,713,25.4986301369863,53.25753424657534
2002,2.4935787,392.0164383561644,8532,200.76712328767124,191.24931506849316
2003,2.7629716,1066.978082191781,12203,400.3972602739726,666.5808219178082
2004,2.4912424,614.4453551912568,7495,282.120218579235,332.3251366120219
2005,2.7130475,1154.9753424657533,8786,312.613698630137,842.3616438356164
2006,2.8296316,2039.7698630136986,26912,419.35616438356163,1620.4136986301369
2007,2.7468896,3507.290410958904,24701,1099.4054794520548,2407.884931506849
2008,2.6399732,3682.77868852459,26301,850.8879781420765,2831.8907103825136
2009,2.3510056,2683.0301369863014,31414,777.5780821917808,1905.4520547945206
2010,2.7842715,1485.6931506849314,25185,471.4849315068493,1014.2082191780822
2011,2.5365746,1007.4767123287671,12949,400.91506849315067,606.5616438356165
2012,2.6493776,1645.8333333333333,18463,264.96994535519127,1380.863387978142
2013,2.4584746,2739.142465753425,22782,499.8164383561644,2239.32602739726
2014,2.6101806,4019.4027397260274,33262,2065.753424657534,1953.6493150684933
2015,2.2532234,4142.767123287671,37288,1799.813698630137,2342.9534246575345
2016,2.1837804,1857.363387978142,17713,896.7103825136612,960.6530054644809
2017,2.3308835,1401.7534246575342,28375,563.4383561643835,838.3150684931506
2018,2.2482612,1485.2794520547945,13966,591.3013698630137,893.9780821917808
2019,2.7544453,1407.6438356164383,12557,975.7808219178082,431.86301369863014
2020,2.4460824,7294.065573770492,40943,2630.065573770492,4664.0
2021,2.0317636,10768.682191780821,59479,6407.613698630137,4361.068493150685
2022,2.0965703,24217.94794520548,106819,18656.45479452055,5561.493150684932
2023,1.8665131,34935.78082191781,116215,29800.416438356166,5135.364383561644
2024,2.102892,29169.748633879783,94465,24198.112021857924,4971.636612021858
