year,unusual_km2,recurring_km2,both_km2
2000,229.3871357202061,58.946846600081095,288.3339823202872
2001,303.4471793044321,178.40026475590238,481.8474440603345
2002,1920.5054729887736,403.5384945624165,2324.0439675511902
2003,4342.596978269843,679.6635953332343,5022.260573603077
2004,2525.678755784497,433.9262393881882,2959.604995172685
2005,5245.892862073093,548.8080499153535,5794.700911988447
2006,5831.596474732658,767.3308945651067,6598.927369297765
2007,9833.20530752393,1019.0920158561465,10852.297323380075
2008,8262.454709936916,1055.180824312948,9317.635534249865
2009,6862.57467042331,677.7811686626113,7540.355839085921
2010,7000.583437189558,801.8061944470885,7802.389631636646
2011,4300.484404467048,528.2089237768216,4828.6933282438695
2012,4431.44751712325,567.148264049138,4998.595781172387
2013,4984.665823809777,971.8162146139282,5956.4820384237055
2014,8989.770591846493,1178.0763940950515,10167.846985941544
2015,7639.317698341532,762.7592869364508,8402.076985277983
2016,7273.911789764022,784.1113837432321,8058.023173507254
2017,5334.582050069018,701.6610955699434,6036.243145638961
2018,5243.096113876739,757.0582233054212,6000.15433718216
2019,2778.2466313629466,726.4553440030068,3504.7019753659533
2020,10183.498019117294,1131.6611307594037,11315.159149876697
2021,12451.983508075526,999.7299129583097,13451.713421033835
2022,15350.544095500863,1132.3065341893316,16482.850629690194
2023,14223.72349046592,877.2108285103309,15100.934318976251
2024,15815.234565048948,1041.842486761105,16857.077051810054
2025,13839.708449658821,676.0600928494703,14515.768542508291
