payam,county,state,pcode,cropland_ha,flooded_cropland_ha,flooded_share_of_cropland,rangeland_dominant
Narus,Kapoeta East,Eastern Equatoria,SS020306,24412.004606801303,6004.553547933012,0.24596724622361057,0.6207912457912458
Kuac North,Gogrial West,Warrap,SS080207,4538.847605715501,643.7294781867644,0.14182663400642798,0.9154228855721394
Tiar-aleit,Aweil South,Northern Bahr el Ghazal,SS050408,1577.1440883279465,316.0576490926731,0.20039871526751274,0.9628647214854111
Malual-bai,Aweil East,Northern Bahr el Ghazal,SS050203,3246.1652891894746,286.56852472994217,0.08827909215968932,0.966804979253112
Kuac South,Gogrial West,Warrap,SS080208,4646.482069777743,272.5865359770964,0.058665143195125925,0.9332648870636551
Wunrok,Twic,Warrap,SS080606,1396.5797164435878,197.89761351478646,0.14170162374886544,0.9691211401425178
Toch West,Gogrial East,Warrap,SS080106,242.08595138490884,142.61409229084632,0.5891051978645986,0.9811320754716981
Madhol,Aweil East,Northern Bahr el Ghazal,SS050202,2291.67622729048,140.4197822815111,0.06127383118492867,0.9544554455445544
Toch East,Gogrial East,Warrap,SS080104,614.9182256927567,133.48293219283977,0.21707428177536958,0.9820359281437125
Komori,Budi,Eastern Equatoria,SS020102,10909.643794764019,127.49313866358374,0.011686278769685667,0.8095238095238095
Pathuon East,Gogrial East,Warrap,SS080102,665.2408142652166,102.51411965004124,0.15410076689788182,0.994535519125683
Gogrial,Gogrial West,Warrap,SS080206,4143.775637372658,92.99452447981426,0.022441978673048285,0.8643067846607669
Budaang,Rubkona,Unity,SS060902,91.18876414195874,56.18774571292956,0.6161696152111339,1.0
Wau Bai,Jur River,Western Bahr el Ghazal,SS090107,771.4220501334858,55.828801384236954,0.07237128025388491,0.9552238805970149
Marial Bai,Jur River,Western Bahr el Ghazal,SS090104,867.8393264365498,55.16954353821335,0.06357114947158016,0.9585253456221198
Lotimor,Kapoeta East,Eastern Equatoria,SS020304,6015.712927227161,46.45153547519134,0.007721700825342138,0.735820895522388
Alek South,Gogrial West,Warrap,SS080204,2332.7310743794137,42.814474147675824,0.018353797665710755,0.9817850637522769
Akon South,Gogrial West,Warrap,SS080201,681.5051763604196,42.0840834108692,0.06175167096399674,0.9722222222222222
Jamjang,Pariang,Unity,SS060803,2403.0187464117644,41.46049358102649,0.0172535040115422,0.9252136752136753
Aliek,Tonj North,Warrap,SS080403,277.2840623771762,39.95719461992886,0.14410202403042194,1.0
Alek West,Gogrial West,Warrap,SS080205,578.9241860182188,38.37855185148548,0.06629288044683229,0.9881656804733728
Turalei,Twic,Warrap,SS080605,292.49562432414524,38.29823397359436,0.13093609199142087,0.9540229885057471
Riau,Gogrial West,Warrap,SS080209,756.5050849113351,34.22604958457829,0.045242325884154104,1.0
Rubkotne,Rubkona,Unity,SS060908,54.60650043679392,32.33119220384122,0.5920758873984978,1.0
Kauto,Kapoeta East,Eastern Equatoria,SS020303,9622.096428623261,30.107347924025657,0.0031289800665958867,0.8528799444829979
Thiet,Tonj South,Warrap,SS080503,617.5557470215944,29.736996226175822,0.04815273174866268,0.9389312977099237
Tonj,Tonj South,Warrap,SS080504,232.21809333913768,29.20085058624889,0.12574752538168146,1.0
Wau South,Wau,Western Bahr el Ghazal,SS090305,244.76915231055486,27.023278247032643,0.11040312062177843,0.9615384615384616
Kuach,Guit,Unity,SS060203,28.532423542165866,21.533057651354053,0.7546872988034826,1.0
Ayat West,Aweil West,Northern Bahr el Ghazal,SS050505,82.44264153399479,19.281704661600262,0.23388023846433345,1.0
Wangkei,Mayom,Unity,SS060612,182.65182483487703,19.056151291795526,0.10433047306821536,0.9615384615384616
Dhorbor,Rubkona,Unity,SS060903,21.695221253879772,18.544123595065205,0.8547561409058664,1.0
Losite,Ikotos,Eastern Equatoria,SS020206,5693.030639471806,17.154961026932178,0.003013326664358827,0.8670520231213873
Malual West,Aweil North,Northern Bahr el Ghazal,SS050305,331.14549457864496,15.771822906767285,0.04762807637421012,1.0
Kaljak,Rubkona,Unity,SS060904,21.459281960455048,15.280979376829261,0.7120918307047225,0.5
Loriyok,Budi,Eastern Equatoria,SS020104,947.9439303400364,12.763839997760837,0.013464762618588977,0.9333333333333333
Ayat East,Aweil West,Northern Bahr el Ghazal,SS050504,368.2293111754762,12.380682005523173,0.03362220667877055,1.0
Toch North,Gogrial East,Warrap,SS080105,156.29507228703977,11.788446861581825,0.07542430282083398,1.0
Manyang-ngok,Tonj South,Warrap,SS080502,486.15897313852446,11.712047199957398,0.024090982265219257,0.9239130434782609
Gomjuer Centre,Aweil West,Northern Bahr el Ghazal,SS050506,183.6154529042031,11.553722338816696,0.0629234748822833,1.0
Wathnyona,Guit,Unity,SS060207,15.10791056787171,10.78945449106067,0.7141592771938555,1.0
Alek North,Gogrial West,Warrap,SS080203,837.291657146172,10.310584583726408,0.012314209147704926,1.0
Gomjuer East,Aweil West,Northern Bahr el Ghazal,SS050507,254.37840983158995,8.497968252751338,0.03340679839290362,1.0
Malual North,Aweil North,Northern Bahr el Ghazal,SS050304,677.6972514696627,7.984613441079743,0.01178197701667553,0.9827586206896551
Nyang,Gogrial East,Warrap,SS080101,55.43874283818394,7.446331183906249,0.13431637881184996,1.0
Panhiany,Rubkona,Unity,SS060907,7.55980587902009,6.5592428886450245,0.8676469996204771,1.0
Kuerbuone,Mayom,Unity,SS060602,112.44313307704019,6.277912118712965,0.05583188538878285,0.8709677419354839
Mayom-wel,Aweil East,Northern Bahr el Ghazal,SS050208,625.2490357678206,4.411065430367871,0.0070548936152312145,0.9591836734693877
Nimule,Magwi,Eastern Equatoria,SS020704,1538.9642233846469,4.186379059066545,0.002720257557293589,0.9251700680272109
Rocrocdong,Jur River,Western Bahr el Ghazal,SS090105,184.5621560618169,4.102150553799507,0.022226390508927194,0.7931034482758621
Machi One,Kapoeta South,Eastern Equatoria,SS020503,526.7398302916134,3.9130709258812377,0.0074288495018781575,0.9357798165137615
Karukomuge,Kapoeta North,Eastern Equatoria,SS020402,480.5502524314726,3.6412325840883963,0.007577215006473528,0.983739837398374
Niemni,Guit,Unity,SS060205,7.798918680341517,3.5560265340783945,0.4559640483291557,
Malual Centre,Aweil North,Northern Bahr el Ghazal,SS050302,397.07053043256576,3.2917357112789256,0.008290052922570035,1.0
Nhialdiu,Rubkona,Unity,SS060906,6.341553270670388,3.2065176929613957,0.5056360099964,1.0
Malual East,Aweil North,Northern Bahr el Ghazal,SS050303,2337.2760616488035,3.081282623514322,0.0013183220733201143,0.9429097605893186
Werthen,Pariang,Unity,SS060806,2240.3616082657372,3.019183523628492,0.0013476322360146317,0.8492753623188406
Kedad,Guit,Unity,SS060202,7.8031351140761895,2.7056236057968532,0.346735455203914,1.0
Biu,Pariang,Unity,SS060802,128.78415361595393,2.3333787301635485,0.018118523627696434,1.0
Pannyok,Twic,Warrap,SS080604,1462.3560653597715,2.2840613273006225,0.0015619050526785988,0.9824046920821115
Wathjaak,Rubkona,Unity,SS060909,2.9262320365739436,2.2303479659298007,0.7621910832953324,
Tonga,Panyikang,Upper Nile,SS071006,5.359089956452901,1.6444809634851392,0.30685824959982494,1.0
Lotukei,Budi,Eastern Equatoria,SS020105,4915.045112604015,1.5556902685063174,0.00031651596940930317,0.53125
Wau North,Wau,Western Bahr el Ghazal,SS090304,9.299912949325552,1.5455795580842047,0.16619290594502747,1.0
Nyathoar,Guit,Unity,SS060206,10.967093681116834,1.5391823180145705,0.14034550654607228,1.0
Ikotos,Ikotos,Eastern Equatoria,SS020202,5898.1281277113085,1.3950765842454267,0.0002365287009773333,0.8076448828606658
Alabek,Tonj North,Warrap,SS080402,32.48078687829452,1.3296409109183875,0.04093622842022118,1.0
Pwata,Kapoeta South,Eastern Equatoria,SS020505,4146.620322707945,1.2872818849996368,0.00031044122316918057,0.8832214765100671
Ariath,Aweil North,Northern Bahr el Ghazal,SS050301,560.0072866525496,1.2743421991288266,0.0022755814602810308,1.0
Riak,Mayom,Unity,SS060607,181.50451356285896,1.1689137438868098,0.006440135955528122,0.8297872340425532
Hiyala,Torit,Eastern Equatoria,SS020802,1908.9857629277622,1.126115051043602,0.0005899022784310913,0.8320610687022901
Baach,Aweil East,Northern Bahr el Ghazal,SS050201,3721.4651491542754,1.115832297493932,0.00029983682575866966,0.9771359807460891
Bentiu Town,Rubkona,Unity,SS060901,17.55131865903752,1.0617948733778735,0.06049658683800003,1.0
Mariem West,Aweil West,Northern Bahr el Ghazal,SS050510,745.3774259007199,0.956459177692504,0.001283187744164255,0.8975903614457831
Guit,Guit,Unity,SS060201,9.26505863471648,0.9557956981060169,0.10316132210158055,1.0
Lomohidang South,Ikotos,Eastern Equatoria,SS020205,3973.9098940013887,0.8583627960557689,0.00021599956188021936,0.6910755148741419
Abang,Yirol West,Lakes,SS040801,97.15949992565288,0.8014391743962225,0.00824869595880474,1.0
Ayat Centre,Aweil West,Northern Bahr el Ghazal,SS050503,198.99120261571957,0.6903279063497525,0.0034691378175289197,1.0
Nyieth,Aweil South,Northern Bahr el Ghazal,SS050403,306.30745468166356,0.6691708869837568,0.002184637940592098,0.9894736842105263
Kuerguini,Guit,Unity,SS060204,5.362144536416729,0.6683798051609227,0.12464785322768822,
Mugwo,Yei,Central Equatoria,SS010602,531.7365257831505,0.6439794620709167,0.0012110875045163636,0.993103448275862
Katodori,Kapoeta East,Eastern Equatoria,SS020302,3516.542173084674,0.6430952875031246,0.0001828771719063469,0.9703989703989704
Mugali,Magwi,Eastern Equatoria,SS020703,812.1882846089725,0.5904135524194157,0.0007269417247303315,0.91875
Arihilo,Lafon,Eastern Equatoria,SS020601,560.0720296483033,0.5456704178976299,0.0009742861435881438,0.956140350877193
Pageri,Magwi,Eastern Equatoria,SS020705,854.7884450777467,0.5367018327333712,0.0006278767990184471,0.96
Ere,Raja,Western Bahr el Ghazal,SS090201,4968.390575747076,0.5316230291275909,0.00010700105416886492,0.8765281173594132
Wangbuor I,Mayom,Unity,SS060610,17.566725480249726,0.531327406653634,0.030246240669668658,0.4
Lainya,Lainya,Central Equatoria,SS010303,543.7504585086069,0.42901464776971976,0.0007889917903635735,0.9454545454545454
Malou Pec,Cueibet,Lakes,SS040204,107.85712494290163,0.4270271232347684,0.003959192528642237,1.0
Ruathnyibuol,Mayom,Unity,SS060608,12.926089169033157,0.4032263978426798,0.031194771486543926,1.0
Wangbuor III,Mayom,Unity,SS060611,76.07190160566203,0.37159774592832984,0.004884822622873303,1.0
Aliiny,Pariang,Unity,SS060801,1219.4322340810497,0.37083827024613036,0.00030410732132695335,0.8701923076923077
Kimotong,Budi,Eastern Equatoria,SS020101,1671.741064436169,0.32171143031965643,0.00019244094505039907,0.8951048951048951
Akon North,Gogrial West,Warrap,SS080202,95.3766005449897,0.2655970696892013,0.0027847193983802938,0.9655172413793104
Manajang,Fangak,Jonglei,SS030601,30.462989236956144,0.26536128736404324,0.008710940521953784,1.0
Wonduruba,Juba,Central Equatoria,SS010116,272.782697530143,0.2144193933081109,0.0007860446987639938,1.0
Magwi,Magwi,Eastern Equatoria,SS020702,2745.105679805894,0.16098223574811588,5.8643365511341226e-05,0.9112426035502958
Aduel,Rumbek East,Lakes,SS040401,33.85883352591426,0.16027241878264115,0.004733548149553787,1.0
Rual-bet,Tonj North,Warrap,SS080409,581.4303956179428,0.15961606290543484,0.0002745230798190302,1.0
Mangar-tong I,Aweil East,Northern Bahr el Ghazal,SS050204,1361.2066424625964,0.15934720793178866,0.00011706320183944243,0.9490909090909091
Aweeng,Twic,Warrap,SS080603,44.86320107581925,0.15927814276087543,0.003550307132379917,1.0
Atar,Canal/Pigi,Jonglei,SS030402,0.48735138047175314,0.15919224744266486,0.3266477819116214,
Jie,Kapoeta East,Eastern Equatoria,SS020301,1219.820434406369,0.10708342924346466,8.778622346622459e-05,0.9113300492610837
Citcok,Cueibet,Lakes,SS040202,106.55062684347246,0.10668732881528488,0.0010012829767018943,1.0
Ananatak,Tonj East,Warrap,SS080301,188.89690866018543,0.10660527117238783,0.0005643568861371073,1.0
Pagol,Tonj North,Warrap,SS080408,347.72063749340396,0.10658616522945306,0.00030652815431892486,1.0
Kirik,Tonj North,Warrap,SS080405,809.7053629073783,0.10652190555324334,0.00013155637894104983,1.0
Paguir,Fangak,Jonglei,SS030604,17.79535740960018,0.10618766120563825,0.005967155295703838,1.0
Wudabi,Morobo,Central Equatoria,SS010405,170.05455845675144,0.053669906492263934,0.0003156040448390177,1.0
Imehejek,Lafon,Eastern Equatoria,SS020603,475.75632122601996,0.0536010733611688,0.00011266497357941413,0.9102564102564102
Yirol,Yirol West,Lakes,SS040807,12.268350463515123,0.05343135483364994,0.004355219146416593,1.0
Panthou,Aweil South,Northern Bahr el Ghazal,SS050406,788.0280598200656,0.0531642023239369,6.746485948238461e-05,0.9301075268817204
Raga,Raja,Western Bahr el Ghazal,SS090202,11.965707543331028,0.05315209486650201,0.0044420352640263065,1.0
Marguna,Lafon,Eastern Equatoria,SS020607,54.378772077869186,0.0,0.0,1.0
Pachidi,Lafon,Eastern Equatoria,SS020608,9.106222757404254,0.0,0.0,1.0
Lobone,Magwi,Eastern Equatoria,SS020701,260.47674256234404,0.0,0.0,0.9230769230769231
Pajok,Magwi,Eastern Equatoria,SS020706,1828.978498841017,0.0,0.0,0.8936781609195402
Bur,Torit,Eastern Equatoria,SS020801,740.7510679350335,0.0,0.0,0.9436619718309859
Himodonge,Torit,Eastern Equatoria,SS020803,176.3348589632968,0.0,0.0,1.0
Ifwotu,Torit,Eastern Equatoria,SS020804,203.70711515363152,0.0,0.0,1.0
Imurok,Torit,Eastern Equatoria,SS020805,199.74020790069173,0.0,0.0,0.9534883720930233
Kudo,Torit,Eastern Equatoria,SS020806,86.18358179790708,0.0,0.0,0.9375
Torit,Torit,Eastern Equatoria,SS020807,1397.6838622395871,0.0,0.0,0.7569060773480663
Alali,Akobo,Jonglei,SS030101,0.0,0.0,,
Barmach,Akobo,Jonglei,SS030102,4.400025734920527,0.0,0.0,1.0
Bilkey,Akobo,Jonglei,SS030103,0.978717231584208,0.0,0.0,
Buong,Akobo,Jonglei,SS030104,0.0,0.0,,
Dengjok,Akobo,Jonglei,SS030105,0.0,0.0,,
Diror,Akobo,Jonglei,SS030106,2.200339818923853,0.0,0.0,
Nyandit,Akobo,Jonglei,SS030107,0.0,0.0,,
Walgak,Akobo,Jonglei,SS030108,1.466837689440787,0.0,0.0,
Ayod,Ayod,Jonglei,SS030201,19.06993101194564,0.0,0.0,1.0
Kurwai,Ayod,Jonglei,SS030202,0.0,0.0,,
Kuach-deng,Ayod,Jonglei,SS030203,0.0,0.0,,
Mogok,Ayod,Jonglei,SS030204,0.7330607951254025,0.0,0.0,
Pagil,Ayod,Jonglei,SS030205,0.0,0.0,,
Pajiek,Ayod,Jonglei,SS030206,0.0,0.0,,
Wau,Ayod,Jonglei,SS030207,0.0,0.0,,
Anyidi,Bor South,Jonglei,SS030301,0.0,0.0,,
Baidit,Bor South,Jonglei,SS030302,1.227112583294046,0.0,0.0,
Bor,Bor South,Jonglei,SS030303,16.20415464111136,0.0,0.0,1.0
Jalle,Bor South,Jonglei,SS030304,0.0,0.0,,
Kolnyang,Bor South,Jonglei,SS030305,165.05793259292935,0.0,0.0,0.972972972972973
Makuach,Bor South,Jonglei,SS030306,0.0,0.0,,
Alam,Canal/Pigi,Jonglei,SS030401,0.0,0.0,,
Belewach,Canal/Pigi,Jonglei,SS030403,0.0,0.0,,
Kaldak,Canal/Pigi,Jonglei,SS030404,0.0,0.0,,
Korwach,Canal/Pigi,Jonglei,SS030405,0.0,0.0,,
Mareng,Canal/Pigi,Jonglei,SS030406,0.2438853978018476,0.0,0.0,
Nyainthokmalual,Canal/Pigi,Jonglei,SS030407,0.0,0.0,,
Wunlem,Canal/Pigi,Jonglei,SS030408,0.0,0.0,,
Ageer,Duk,Jonglei,SS030501,0.244851299670107,0.0,0.0,
Dongchak,Duk,Jonglei,SS030502,0.0,0.0,,
Padiet,Duk,Jonglei,SS030503,1.4683466547516448,0.0,0.0,
Payuel,Duk,Jonglei,SS030504,0.0,0.0,,
Pagak,Duk,Jonglei,SS030505,1.467627306724504,0.0,0.0,
Panyang,Duk,Jonglei,SS030506,0.7339907363406961,0.0,0.0,
Mareang,Fangak,Jonglei,SS030602,0.0,0.0,,
Old Fangak,Fangak,Jonglei,SS030603,0.0,0.0,,
Phom,Fangak,Jonglei,SS030605,1.9492548907568332,0.0,0.0,1.0
Chuil,Nyirol,Jonglei,SS030701,0.0,0.0,,
Nyambor,Nyirol,Jonglei,SS030702,1.4655323377550369,0.0,0.0,
Pading,Nyirol,Jonglei,SS030703,3.6652243088735523,0.0,0.0,
Pulturuk,Nyirol,Jonglei,SS030704,25.885717739263228,0.0,0.0,1.0
Thol,Nyirol,Jonglei,SS030705,3.9080222450618596,0.0,0.0,
Waat,Nyirol,Jonglei,SS030706,1.7109099040381628,0.0,0.0,
Boma,Pibor,Jonglei,SS030801,2.7000260031940733,0.0,0.0,
Gumuruk,Pibor,Jonglei,SS030802,0.9812038677951562,0.0,0.0,
Kiziongora,Pibor,Jonglei,SS030803,13.997614871639898,0.0,0.0,1.0
Lekuangole,Pibor,Jonglei,SS030804,0.4903644146766366,0.0,0.0,
Marow,Pibor,Jonglei,SS030805,0.0,0.0,,
Mewun,Pibor,Jonglei,SS030806,12.033275010970252,0.0,0.0,1.0
Pibor,Pibor,Jonglei,SS030807,0.0,0.0,,
Verteth,Pibor,Jonglei,SS030808,0.0,0.0,,
Adongo,Pochalla,Jonglei,SS030901,0.0,0.0,,
Akiela,Pochalla,Jonglei,SS030902,0.0,0.0,,
Burator,Pochalla,Jonglei,SS030903,0.0,0.0,,
Omiela,Pochalla,Jonglei,SS030904,0.0,0.0,,
Pochalla,Pochalla,Jonglei,SS030905,0.0,0.0,,
Ajuong,Twic East,Jonglei,SS031001,0.0,0.0,,
Kongor,Twic East,Jonglei,SS031002,0.0,0.0,,
Lith,Twic East,Jonglei,SS031003,0.0,0.0,,
Nyuak,Twic East,Jonglei,SS031004,0.0,0.0,,
Pakeer,Twic East,Jonglei,SS031005,0.0,0.0,,
Karam,Uror,Jonglei,SS031101,4.400066155747289,0.0,0.0,
Motot,Uror,Jonglei,SS031102,13.68865243250864,0.0,0.0,
Pathai,Uror,Jonglei,SS031103,3.6681764613149745,0.0,0.0,
Payai,Uror,Jonglei,SS031104,14.921340156788824,0.0,0.0,1.0
Pieri,Uror,Jonglei,SS031105,8.803424042780508,0.0,0.0,1.0
Puolchuol,Uror,Jonglei,SS031106,5.623476607768996,0.0,0.0,1.0
Tiam,Uror,Jonglei,SS031107,5.1381181324369445,0.0,0.0,
Uror,Uror,Jonglei,SS031108,11.986939264654778,0.0,0.0,1.0
Abuyong,Awerial,Lakes,SS040101,0.0,0.0,,
Alel II,Awerial,Lakes,SS040102,0.49103746917424196,0.0,0.0,
Bun-agok,Awerial,Lakes,SS040103,6.874819102857817,0.0,0.0,1.0
Dor,Awerial,Lakes,SS040104,33.64619380059286,0.0,0.0,1.0
Magok,Awerial,Lakes,SS040105,14.24748353851544,0.0,0.0,1.0
Nile,Awerial,Lakes,SS040106,2.9465867597483206,0.0,0.0,1.0
Puluk,Awerial,Lakes,SS040107,103.1530161214229,0.0,0.0,1.0
Alel I,Awerial,Lakes,SS040108,0.0,0.0,,
Abiriu,Cueibet,Lakes,SS040201,122.82495148981315,0.0,0.0,1.0
Duony,Cueibet,Lakes,SS040203,23.288114115595725,0.0,0.0,1.0
Ngap,Cueibet,Lakes,SS040205,6.86496606842601,0.0,0.0,1.0
Pagor,Cueibet,Lakes,SS040206,5.6357772255834595,0.0,0.0,1.0
Ngap 1,Cueibet,Lakes,SS040207,0.4904243117735527,0.0,0.0,
Amongpiny,Rumbek Centre,Lakes,SS040301,130.4685227798985,0.0,0.0,0.88
Jiir,Rumbek Centre,Lakes,SS040302,793.8113364780638,0.0,0.0,0.8671875
Malek 2,Rumbek Centre,Lakes,SS040303,0.24502145089854113,0.0,0.0,
Matangai,Rumbek Centre,Lakes,SS040304,1939.4060045657848,0.0,0.0,0.8823529411764706
Mayom,Rumbek Centre,Lakes,SS040305,7.354646851455789,0.0,0.0,1.0
Akot,Rumbek East,Lakes,SS040402,93.48530396932247,0.0,0.0,1.0
Atiaba,Rumbek East,Lakes,SS040403,80.47018380017143,0.0,0.0,1.0
Cueicok,Rumbek East,Lakes,SS040404,216.08382653841463,0.0,0.0,1.0
Maleng-agok,Rumbek East,Lakes,SS040405,17.417472911794906,0.0,0.0,1.0
Pacong,Rumbek East,Lakes,SS040406,27.96400767464715,0.0,0.0,1.0
Paloc,Rumbek East,Lakes,SS040407,13.738167199183275,0.0,0.0,1.0
Aloor,Rumbek North,Lakes,SS040501,1.4682167721556583,0.0,0.0,
Madol,Rumbek North,Lakes,SS040502,0.7341785052971539,0.0,0.0,
Malueeth,Rumbek North,Lakes,SS040503,42.34337556818346,0.0,0.0,1.0
Maper,Rumbek North,Lakes,SS040504,2.692166225459822,0.0,0.0,
Mayen,Rumbek North,Lakes,SS040505,28.895851154771265,0.0,0.0,1.0
Wun-rieng,Rumbek North,Lakes,SS040506,3.6716752065931972,0.0,0.0,
Bargel,Wulu,Lakes,SS040601,1.4721091786352938,0.0,0.0,
Domoloto,Wulu,Lakes,SS040602,2.946156569928459,0.0,0.0,
Makundi,Wulu,Lakes,SS040603,0.0,0.0,,
Wulu,Wulu,Lakes,SS040604,5.153443862657775,0.0,0.0,1.0
Adior,Yirol East,Lakes,SS040701,0.24521215663111523,0.0,0.0,
Lekakedu,Yirol East,Lakes,SS040702,29.682979699082082,0.0,0.0,1.0
Malek,Yirol East,Lakes,SS040703,4.9057274272711675,0.0,0.0,
Pagarau,Yirol East,Lakes,SS040704,4.414840433622571,0.0,0.0,
Tinagau,Yirol East,Lakes,SS040705,6.377168827632765,0.0,0.0,1.0
Yali,Yirol East,Lakes,SS040706,23.058656207812646,0.0,0.0,1.0
Aluakluak,Yirol West,Lakes,SS040802,210.80404022431932,0.0,0.0,1.0
Anuol,Yirol West,Lakes,SS040803,558.7369169631132,0.0,0.0,0.983739837398374
Geng-geng,Yirol West,Lakes,SS040804,110.92322870972292,0.0,0.0,1.0
Gher,Yirol West,Lakes,SS040805,104.05486800416577,0.0,0.0,1.0
Mapuordit,Yirol West,Lakes,SS040806,5.891860293236129,0.0,0.0,1.0
Abul,Aweil Centre,Northern Bahr el Ghazal,SS050101,2.4449358010162574,0.0,0.0,1.0
Achana,Aweil Centre,Northern Bahr el Ghazal,SS050102,0.0,0.0,,
Aroyo,Aweil Centre,Northern Bahr el Ghazal,SS050103,15.870051812019572,0.0,0.0,1.0
Awiil,Aweil Centre,Northern Bahr el Ghazal,SS050104,42.23322228908465,0.0,0.0,1.0
Bahr Mayen,Aweil Centre,Northern Bahr el Ghazal,SS050105,32.48495758273721,0.0,0.0,1.0
Chel South,Aweil Centre,Northern Bahr el Ghazal,SS050106,24.15796312847938,0.0,0.0,1.0
Nyalath,Aweil Centre,Northern Bahr el Ghazal,SS050107,270.01614796725045,0.0,0.0,1.0
Mangok,Aweil East,Northern Bahr el Ghazal,SS050205,2204.606436530176,0.0,0.0,0.8341232227488151
Wunlang,Aweil East,Northern Bahr el Ghazal,SS050206,2675.6552064960097,0.0,0.0,0.8983050847457628
Yargot,Aweil East,Northern Bahr el Ghazal,SS050207,3043.3643997423155,0.0,0.0,0.86328125
Ayai,Aweil South,Northern Bahr el Ghazal,SS050401,319.97476581833746,0.0,0.0,0.9487179487179487
Gakrol,Aweil South,Northern Bahr el Ghazal,SS050402,93.77263082290965,0.0,0.0,1.0
Nyocawany I,Aweil South,Northern Bahr el Ghazal,SS050404,28.562414554813447,0.0,0.0,1.0
Nyocawany II,Aweil South,Northern Bahr el Ghazal,SS050405,78.39764898691418,0.0,0.0,1.0
Tar-weng,Aweil South,Northern Bahr el Ghazal,SS050407,141.37519716054396,0.0,0.0,1.0
Wathmuok,Aweil South,Northern Bahr el Ghazal,SS050409,121.59547585398977,0.0,0.0,1.0
Achana 2,Aweil West,Northern Bahr el Ghazal,SS050501,4.392504962740135,0.0,0.0,
Aweil Town,Aweil West,Northern Bahr el Ghazal,SS050502,1.7086383109355967,0.0,0.0,
Mogos,Kapoeta East,Eastern Equatoria,SS020305,1751.4342035819843,0.0,0.0,0.9546666666666667
Bungu,Juba,Central Equatoria,SS010101,147.68915461285164,0.0,0.0,1.0
Gomjuer West,Aweil West,Northern Bahr el Ghazal,SS050508,83.67229966536159,0.0,0.0,1.0
Mariem East,Aweil West,Northern Bahr el Ghazal,SS050509,556.2364675289915,0.0,0.0,0.9694656488549618
Dolo,Juba,Central Equatoria,SS010102,134.83981001230313,0.0,0.0,1.0
Abiemnhom,Abiemnhom,Unity,SS060101,0.0,0.0,,
Aworpiny,Abiemnhom,Unity,SS060102,0.0,0.0,,
Manjonga,Abiemnhom,Unity,SS060103,0.9741678112914448,0.0,0.0,
Panyang 2,Abiemnhom,Unity,SS060104,0.0,0.0,,
Ganji,Juba,Central Equatoria,SS010103,88.64204494228315,0.0,0.0,1.0
Gondokoro,Juba,Central Equatoria,SS010104,77.27712741998708,0.0,0.0,1.0
Juba Town,Juba,Central Equatoria,SS010105,0.0,0.0,,
Kator,Juba,Central Equatoria,SS010106,0.7383243898667552,0.0,0.0,
Lirya,Juba,Central Equatoria,SS010107,0.24616510338030523,0.0,0.0,
Lokiliri,Juba,Central Equatoria,SS010108,20.68541378483461,0.0,0.0,1.0
Lobonok,Juba,Central Equatoria,SS010109,561.5128334352911,0.0,0.0,0.9924812030075187
Boaw,Koch,Unity,SS060301,3.9064405150621053,0.0,0.0,1.0
Gany,Koch,Unity,SS060302,0.24421012808726977,0.0,0.0,
Jaak,Koch,Unity,SS060303,20.74822567795853,0.0,0.0,1.0
Kuachlual,Koch,Unity,SS060304,37.36203648034979,0.0,0.0,1.0
Ngony,Koch,Unity,SS060305,5.61825424668499,0.0,0.0,
Norbor,Koch,Unity,SS060306,0.7328017298227971,0.0,0.0,
Pakur,Koch,Unity,SS060307,0.0,0.0,,
Padeah,Leer,Unity,SS060401,0.4886699599037154,0.0,0.0,
Adok,Leer,Unity,SS060402,23.462750513314145,0.0,0.0,1.0
Bou,Leer,Unity,SS060403,0.2443601864359193,0.0,0.0,
Guat,Leer,Unity,SS060404,0.2443096904000586,0.0,0.0,
Juong Kang,Leer,Unity,SS060405,0.0,0.0,,
Leer,Leer,Unity,SS060406,3.9100917784730393,0.0,0.0,1.0
Pilieny,Leer,Unity,SS060407,0.7331862971840519,0.0,0.0,
Yang,Leer,Unity,SS060408,1.7111276361838823,0.0,0.0,
Pabuong,Mayendit,Unity,SS060501,0.0,0.0,,
Bor 2,Mayendit,Unity,SS060502,0.0,0.0,,
Dablual,Mayendit,Unity,SS060503,1.9549930076858804,0.0,0.0,
Luom,Mayendit,Unity,SS060504,1.954392536982215,0.0,0.0,
Maal,Mayendit,Unity,SS060505,0.0,0.0,,
Rubkuay,Mayendit,Unity,SS060506,10.994285010052083,0.0,0.0,1.0
Thaker,Mayendit,Unity,SS060507,4.153644492714836,0.0,0.0,1.0
Tharjiath,Mayendit,Unity,SS060508,0.0,0.0,,
Tutnyang,Mayendit,Unity,SS060509,2.4434480478197003,0.0,0.0,
Bieh,Mayom,Unity,SS060601,3.6573694387042206,0.0,0.0,
Mangala South,Juba,Central Equatoria,SS010110,0.0,0.0,,
Kueryiek,Mayom,Unity,SS060603,4.877178824243339,0.0,0.0,
Mankien,Mayom,Unity,SS060604,106.83001839342587,0.0,0.0,1.0
Ngop 2,Mayom,Unity,SS060605,6.095223866037349,0.0,0.0,1.0
Pup,Mayom,Unity,SS060606,41.68927993458726,0.0,0.0,1.0
Munuki,Juba,Central Equatoria,SS010111,4.922091703322579,0.0,0.0,1.0
Northern Bari,Juba,Central Equatoria,SS010112,389.54183436376354,0.0,0.0,1.0
Wangbuor II,Mayom,Unity,SS060609,0.0,0.0,,
Rejaf,Juba,Central Equatoria,SS010113,348.9878310082838,0.0,0.0,0.9358974358974359
Rokon,Juba,Central Equatoria,SS010114,16.234860664500424,0.0,0.0,1.0
Tijor,Juba,Central Equatoria,SS010115,11.807920804183496,0.0,0.0,1.0
Ganyliel,Panyijiar,Unity,SS060701,0.0,0.0,,
Kol,Panyijiar,Unity,SS060702,33.053666614958004,0.0,0.0,1.0
Mayom 2,Panyijiar,Unity,SS060703,1.223490551726121,0.0,0.0,
Nyal,Panyijiar,Unity,SS060704,0.24468715165802216,0.0,0.0,
Pachak,Panyijiar,Unity,SS060705,0.9799499970182353,0.0,0.0,
Pachaar,Panyijiar,Unity,SS060706,0.0,0.0,,
Pachienjok,Panyijiar,Unity,SS060707,0.7348916592557893,0.0,0.0,
Panyijiar,Panyijiar,Unity,SS060708,15.182368474689826,0.0,0.0,1.0
Thoarnhoum,Panyijiar,Unity,SS060709,0.0,0.0,,
Tiap,Panyijiar,Unity,SS060710,0.0,0.0,,
Mangala North,Juba,Central Equatoria,SS010117,0.9838550193534856,0.0,0.0,
Kangapo I,Kajo-keji,Central Equatoria,SS010201,283.1566051132917,0.0,0.0,1.0
Kangapo II,Kajo-keji,Central Equatoria,SS010202,191.48385289909203,0.0,0.0,1.0
Nyeel,Pariang,Unity,SS060804,160.10412170998927,0.0,0.0,1.0
Pariang,Pariang,Unity,SS060805,52.79379296020893,0.0,0.0,1.0
Lire,Kajo-keji,Central Equatoria,SS010203,105.21431385927343,0.0,0.0,1.0
Wunkur,Pariang,Unity,SS060807,0.0,0.0,,
Liwolo,Kajo-keji,Central Equatoria,SS010204,43.37270985364768,0.0,0.0,1.0
Nyepo,Kajo-keji,Central Equatoria,SS010205,57.1593292726526,0.0,0.0,1.0
Kenyi,Lainya,Central Equatoria,SS010301,113.30222727801221,0.0,0.0,1.0
Kupera,Lainya,Central Equatoria,SS010302,300.80912232972634,0.0,0.0,0.987012987012987
Ngop,Rubkona,Unity,SS060905,0.0,0.0,,
Mukaya,Lainya,Central Equatoria,SS010304,194.8361463378856,0.0,0.0,1.0
Wuji,Lainya,Central Equatoria,SS010305,314.8599491361597,0.0,0.0,0.9875
Gulumbi,Morobo,Central Equatoria,SS010401,229.94685645655233,0.0,0.0,0.9622641509433962
Kimba,Morobo,Central Equatoria,SS010402,1024.8420853993468,0.0,0.0,0.8511904761904762
Abwong,Baliet,Upper Nile,SS070101,0.0,0.0,,
Adong,Baliet,Upper Nile,SS070102,3.41333348429783,0.0,0.0,1.0
Akoka,Baliet,Upper Nile,SS070103,0.0,0.0,,
Akotweng,Baliet,Upper Nile,SS070104,8.768857519553475,0.0,0.0,1.0
Gel Achiel,Baliet,Upper Nile,SS070105,0.0,0.0,,
Nyongkuach,Baliet,Upper Nile,SS070106,0.0,0.0,,
Nyongrial,Baliet,Upper Nile,SS070107,0.0,0.0,,
Rom,Baliet,Upper Nile,SS070108,3.893339566356416,0.0,0.0,1.0
Wunthow,Baliet,Upper Nile,SS070109,5.596735011369267,0.0,0.0,1.0
Dethok,Fashoda,Upper Nile,SS070201,47.41383532632395,0.0,0.0,1.0
Kodok,Fashoda,Upper Nile,SS070202,45.477402082938525,0.0,0.0,1.0
Kodok Town,Fashoda,Upper Nile,SS070203,0.24330217751389366,0.0,0.0,
Lul,Fashoda,Upper Nile,SS070204,120.88830206882066,0.0,0.0,0.9642857142857143
Dajo,Longochuk,Upper Nile,SS070301,1.7065036783143126,0.0,0.0,
Guelguk,Longochuk,Upper Nile,SS070302,0.0,0.0,,
Longochuk,Longochuk,Upper Nile,SS070303,0.0,0.0,,
Malual,Longochuk,Upper Nile,SS070304,0.0,0.0,,
Pamach,Longochuk,Upper Nile,SS070305,0.0,0.0,,
Wudier,Longochuk,Upper Nile,SS070306,0.0,0.0,,
Dingkar,Luakpiny/Nasir,Upper Nile,SS070401,0.0,0.0,,
Jikmir,Luakpiny/Nasir,Upper Nile,SS070402,0.0,0.0,,
Kiech Kuon,Luakpiny/Nasir,Upper Nile,SS070403,0.0,0.0,,
Kuerenge-Ke,Luakpiny/Nasir,Upper Nile,SS070404,0.0,0.0,,
Mading,Luakpiny/Nasir,Upper Nile,SS070405,0.0,0.0,,
Maker,Luakpiny/Nasir,Upper Nile,SS070406,0.0,0.0,,
Nasir,Luakpiny/Nasir,Upper Nile,SS070407,0.0,0.0,,
Roam,Luakpiny/Nasir,Upper Nile,SS070408,0.0,0.0,,
Banashowa,Maban,Upper Nile,SS070501,9.002486758058746,0.0,0.0,1.0
Boung,Maban,Upper Nile,SS070502,117.49393128803703,0.0,0.0,1.0
Jinkuata,Maban,Upper Nile,SS070503,531.0042282964314,0.0,0.0,0.8876404494382022
Jinmakda,Maban,Upper Nile,SS070504,35.20230737457954,0.0,0.0,1.0
Khor El Amer,Maban,Upper Nile,SS070505,29.16467221455604,0.0,0.0,1.0
Jekow,Maiwut,Upper Nile,SS070601,0.0,0.0,,
Jotoma,Maiwut,Upper Nile,SS070602,0.0,0.0,,
Kigila,Maiwut,Upper Nile,SS070603,0.4878674906002783,0.0,0.0,
Maiwut,Maiwut,Upper Nile,SS070604,0.0,0.0,,
Olang,Maiwut,Upper Nile,SS070605,0.0,0.0,,
Lelo,Malakal,Upper Nile,SS070701,0.7305321449050904,0.0,0.0,
Central Malakal,Malakal,Upper Nile,SS070702,0.0,0.0,,
Eastern Malakal,Malakal,Upper Nile,SS070703,0.0,0.0,,
Northern Malakal,Malakal,Upper Nile,SS070704,0.0,0.0,,
Southern Malakal,Malakal,Upper Nile,SS070705,0.0,0.0,,
Ogot,Malakal,Upper Nile,SS070706,0.9738365908793093,0.0,0.0,
Adhidwoi,Manyo,Upper Nile,SS070801,1082.314624896039,0.0,0.0,0.8289473684210527
Kaka,Manyo,Upper Nile,SS070802,12.140183507647285,0.0,0.0,1.0
Magenist,Manyo,Upper Nile,SS070803,27568.455687129954,0.0,0.0,0.17496443812233287
Wedakona,Manyo,Upper Nile,SS070804,2058.9147513349567,0.0,0.0,0.951276102088167
Bimachuk,Melut,Upper Nile,SS070901,40.0579219240878,0.0,0.0,1.0
Galdora,Melut,Upper Nile,SS070902,15.797073156531646,0.0,0.0,0.8
Melut,Melut,Upper Nile,SS070903,37.160900094244084,0.0,0.0,1.0
Lujulo,Morobo,Central Equatoria,SS010403,94.1469503570381,0.0,0.0,1.0
Paloch,Melut,Upper Nile,SS070905,79.63797017315717,0.0,0.0,0.95
Wunamum,Melut,Upper Nile,SS070906,27.221935642345652,0.0,0.0,1.0
Dheteim,Panyikang,Upper Nile,SS071001,0.0,0.0,,
Kuel,Panyikang,Upper Nile,SS071002,0.0,0.0,,
Pakang,Panyikang,Upper Nile,SS071003,0.0,0.0,,
Panyidwoi,Panyikang,Upper Nile,SS071004,0.0,0.0,,
Panyikang,Panyikang,Upper Nile,SS071005,0.0,0.0,,
Panyume,Morobo,Central Equatoria,SS010404,721.0803052005297,0.0,0.0,1.0
Anakdiar,Panyikang,Upper Nile,SS071007,0.0,0.0,,
Geger,Renk,Upper Nile,SS071101,102190.38521916544,0.0,0.0,0.22422637762700645
Jalhak,Renk,Upper Nile,SS071102,10371.636335128029,0.0,0.0,0.6082901554404145
North Renk,Renk,Upper Nile,SS071103,33459.83744383156,0.0,0.0,0.24634146341463414
Chemmedi,Renk,Upper Nile,SS071104,3687.511313950212,0.0,0.0,0.46715328467153283
South Renk,Renk,Upper Nile,SS071105,28.536101799728147,0.0,0.0,1.0
Doma,Ulang,Upper Nile,SS071201,0.0,0.0,,
Kurmuot,Ulang,Upper Nile,SS071202,0.0,0.0,,
Ulang,Ulang,Upper Nile,SS071203,0.0,0.0,,
Yomding,Ulang,Upper Nile,SS071204,0.0,0.0,,
Gameiza,Terekeka,Central Equatoria,SS010501,9.827213044363473,0.0,0.0,1.0
Muni,Terekeka,Central Equatoria,SS010502,66.85367763754418,0.0,0.0,1.0
Pathuon West,Gogrial East,Warrap,SS080103,2206.6706381566996,0.0,0.0,0.9787610619469026
Nyori,Terekeka,Central Equatoria,SS010503,114.59346205856002,0.0,0.0,0.9565217391304348
Reggo,Terekeka,Central Equatoria,SS010504,141.12496477833366,0.0,0.0,1.0
Rijong,Terekeka,Central Equatoria,SS010505,15.981226601985583,0.0,0.0,1.0
Tali,Terekeka,Central Equatoria,SS010506,57.97592260068786,0.0,0.0,1.0
Terekeka,Terekeka,Central Equatoria,SS010507,111.86559495905337,0.0,0.0,1.0
Tindilo,Terekeka,Central Equatoria,SS010508,4.669067053548717,0.0,0.0,
Tombek,Terekeka,Central Equatoria,SS010509,27.52223589840225,0.0,0.0,1.0
Lasu,Yei,Central Equatoria,SS010601,245.39803036907264,0.0,0.0,1.0
Otogo,Yei,Central Equatoria,SS010603,543.7636129921804,0.0,0.0,0.9927007299270073
Tore,Yei,Central Equatoria,SS010604,38.90786920127673,0.0,0.0,1.0
Yei,Yei,Central Equatoria,SS010605,1657.1600874159187,0.0,0.0,0.8537414965986394
Nauro,Budi,Eastern Equatoria,SS020103,672.7234692778454,0.0,0.0,0.7589285714285714
Loudo,Budi,Eastern Equatoria,SS020106,202.69644430827148,0.0,0.0,0.9361702127659575
Makuac,Tonj East,Warrap,SS080302,36.20467360980598,0.0,0.0,1.0
Malualcum,Tonj East,Warrap,SS080303,8.072872697014187,0.0,0.0,1.0
Maparah,Tonj East,Warrap,SS080304,31.068580347338127,0.0,0.0,1.0
Mayen 2,Tonj East,Warrap,SS080305,60.932689560017025,0.0,0.0,1.0
Pagor 2,Tonj East,Warrap,SS080306,1.4672068944730854,0.0,0.0,
Palal,Tonj East,Warrap,SS080307,147.3249974107898,0.0,0.0,1.0
Paliang,Tonj East,Warrap,SS080308,15.164621643573318,0.0,0.0,1.0
Pannhial,Tonj East,Warrap,SS080309,28.367034032541675,0.0,0.0,1.0
Paweng,Tonj East,Warrap,SS080310,29.830391190259085,0.0,0.0,1.0
Wun-liit,Tonj East,Warrap,SS080311,117.22230846375912,0.0,0.0,1.0
Akop,Tonj North,Warrap,SS080401,68.4218714530297,0.0,0.0,1.0
Nagishot,Budi,Eastern Equatoria,SS020107,507.0941900813609,0.0,0.0,0.8189655172413793
Napak,Budi,Eastern Equatoria,SS020108,971.7386496467954,0.0,0.0,0.803030303030303
Awuul,Tonj North,Warrap,SS080404,1305.9124491495695,0.0,0.0,0.9886685552407932
Hatire,Ikotos,Eastern Equatoria,SS020201,83.27971277312065,0.0,0.0,1.0
Manloor,Tonj North,Warrap,SS080406,742.8847352811844,0.0,0.0,0.994475138121547
Marial-lou,Tonj North,Warrap,SS080407,15.404531875362613,0.0,0.0,1.0
Imotong,Ikotos,Eastern Equatoria,SS020203,17.735128230774688,0.0,0.0,1.0
Lomohidang North,Ikotos,Eastern Equatoria,SS020204,258.5830728751621,0.0,0.0,0.9491525423728814
Warrap,Tonj North,Warrap,SS080410,268.47054662411176,0.0,0.0,0.9838709677419355
Jak,Tonj South,Warrap,SS080501,428.09417301198187,0.0,0.0,0.9923664122137404
Natinga,Kapoeta East,Eastern Equatoria,SS020307,1088.2151083493372,0.0,0.0,0.9072164948453608
Chumakori,Kapoeta North,Eastern Equatoria,SS020401,1786.295416969833,0.0,0.0,0.6184971098265896
Lomeyen,Kapoeta North,Eastern Equatoria,SS020403,1101.6448622526145,0.0,0.0,0.5252525252525253
Wath-alel,Tonj South,Warrap,SS080505,181.1683077573168,0.0,0.0,1.0
Ajak-kuac,Twic,Warrap,SS080601,10.724132999314214,0.0,0.0,1.0
Akoc,Twic,Warrap,SS080602,719.495464076871,0.0,0.0,1.0
Mosingo,Kapoeta North,Eastern Equatoria,SS020404,2686.753823917723,0.0,0.0,0.7272727272727273
Najie,Kapoeta North,Eastern Equatoria,SS020405,518.2304581823249,0.0,0.0,0.7333333333333333
Panomdit,Melut,Upper Nile,SS070904,1.458735776061233,0.0,0.0,
Paringa,Kapoeta North,Eastern Equatoria,SS020406,1528.1869421521544,0.0,0.0,0.8047619047619048
Kangi,Jur River,Western Bahr el Ghazal,SS090101,57.912503628118465,0.0,0.0,1.0
Kuajiena,Jur River,Western Bahr el Ghazal,SS090103,0.7351621734286181,0.0,0.0,
Kapoeta Town,Kapoeta South,Eastern Equatoria,SS020501,1193.0918672728533,0.0,0.0,0.8651685393258427
Longeleya,Kapoeta South,Eastern Equatoria,SS020502,153.59626174254157,0.0,0.0,1.0
Udici,Jur River,Western Bahr el Ghazal,SS090106,20.05656870010002,0.0,0.0,1.0
Machi Two,Kapoeta South,Eastern Equatoria,SS020504,267.7775452643031,0.0,0.0,1.0
Burgilo,Lafon,Eastern Equatoria,SS020602,52.64421360968802,0.0,0.0,1.0
Kurumi,Lafon,Eastern Equatoria,SS020604,0.0,0.0,,
Ringi,Raja,Western Bahr el Ghazal,SS090203,0.7325999618306795,0.0,0.0,
Uyujuku,Raja,Western Bahr el Ghazal,SS090204,3.4220655996055616,0.0,0.0,
Bagari,Wau,Western Bahr el Ghazal,SS090301,33.04883682067692,0.0,0.0,1.0
Besselia,Wau,Western Bahr el Ghazal,SS090302,2.447401215558371,0.0,0.0,
Kpaile,Wau,Western Bahr el Ghazal,SS090303,0.0,0.0,,
Lohutok,Lafon,Eastern Equatoria,SS020605,1840.6596485053165,0.0,0.0,0.8127659574468085
Longiro,Lafon,Eastern Equatoria,SS020606,342.12101496923754,0.0,0.0,0.9032258064516129
Andari,Ezo,Western Equatoria,SS100101,0.0,0.0,,
Bagidi,Ezo,Western Equatoria,SS100102,0.0,0.0,,
Bariguna,Ezo,Western Equatoria,SS100103,0.0,0.0,,
Ezo Centre,Ezo,Western Equatoria,SS100104,0.0,0.0,,
Naandi,Ezo,Western Equatoria,SS100105,0.0,0.0,,
Yangiri,Ezo,Western Equatoria,SS100106,0.0,0.0,,
Ibba Centre,Ibba,Western Equatoria,SS100201,5.168347896497853,0.0,0.0,1.0
Madebe,Ibba,Western Equatoria,SS100202,2.214953821339815,0.0,0.0,
Manikakara,Ibba,Western Equatoria,SS100203,977.1349420631675,0.0,0.0,0.015503875968992248
Maruko,Ibba,Western Equatoria,SS100204,0.0,0.0,,
Nabanga,Ibba,Western Equatoria,SS100205,0.0,0.0,,
Kozi,Maridi,Western Equatoria,SS100301,524.065791462398,0.0,0.0,0.22033898305084745
Landili,Maridi,Western Equatoria,SS100302,0.0,0.0,,
Mambe,Maridi,Western Equatoria,SS100303,876.4442733814597,0.0,0.0,0.15384615384615385
Maridi,Maridi,Western Equatoria,SS100304,13119.130562959921,0.0,0.0,0.09744013212221304
Ngamunde,Maridi,Western Equatoria,SS100305,1589.500677845839,0.0,0.0,0.12169312169312169
Kediba,Mundri East,Western Equatoria,SS100401,7.129664265379915,0.0,0.0,1.0
Lakamadi,Mundri East,Western Equatoria,SS100402,4.91548941253962,0.0,0.0,
Lozoh,Mundri East,Western Equatoria,SS100403,30.739859263347757,0.0,0.0,1.0
Minga,Mundri East,Western Equatoria,SS100404,6.148628733466795,0.0,0.0,1.0
Witto,Mundri East,Western Equatoria,SS100405,30.99621615343226,0.0,0.0,1.0
Amadi,Mundri West,Western Equatoria,SS100501,10.081000987730919,0.0,0.0,1.0
Bangolo,Mundri West,Western Equatoria,SS100502,11.320728048820692,0.0,0.0,
Kotobi,Mundri West,Western Equatoria,SS100503,30.745277827366095,0.0,0.0,1.0
Mundri,Mundri West,Western Equatoria,SS100504,95.89856633765666,0.0,0.0,1.0
Bahr El Grindi,Mvolo,Western Equatoria,SS100601,1.227851920592362,0.0,0.0,
Bagori,Mvolo,Western Equatoria,SS100602,0.24560501663472617,0.0,0.0,
Dari,Mvolo,Western Equatoria,SS100603,1.9657256460985462,0.0,0.0,
Kokori,Mvolo,Western Equatoria,SS100604,0.2454597574054127,0.0,0.0,
Lessi,Mvolo,Western Equatoria,SS100605,0.49134389737060563,0.0,0.0,
Mvolo,Mvolo,Western Equatoria,SS100606,8.350002165144307,0.0,0.0,1.0
Yeri,Mvolo,Western Equatoria,SS100607,28.50231374230025,0.0,0.0,1.0
Nagero,Nagero,Western Equatoria,SS100701,1.7180666847220125,0.0,0.0,
Basukangbi,Nzara,Western Equatoria,SS100801,0.0,0.0,,
Nzara Centre,Nzara,Western Equatoria,SS100802,0.0,0.0,,
Ringasi,Nzara,Western Equatoria,SS100803,0.0,0.0,,
Sakure,Nzara,Western Equatoria,SS100804,0.0,0.0,,
Sangua,Nzara,Western Equatoria,SS100805,0.0,0.0,,
Mupoi,Tambura,Western Equatoria,SS100901,0.0,0.0,,
Namutina,Tambura,Western Equatoria,SS100902,0.0,0.0,,
Source Yubu,Tambura,Western Equatoria,SS100903,0.0,0.0,,
Tambura,Tambura,Western Equatoria,SS100904,0.0,0.0,,
Bangasu,Yambio,Western Equatoria,SS101001,0.9845323734673328,0.0,0.0,
Gangura,Yambio,Western Equatoria,SS101002,0.0,0.0,,
Nadiangere,Yambio,Western Equatoria,SS101003,0.0,0.0,,
Ri-rangu,Yambio,Western Equatoria,SS101004,0.0,0.0,,
Yambio Town,Yambio,Western Equatoria,SS101005,0.0,0.0,,
Abyei Region,Abyei Region,Abyei Region,SS000101,0.0,0.0,,
