dry_start,dry_end,duration_days,max_flood_pixels,total_flood_pixels,days_to_first_flood,n_flood_days,rain_after_7d,rain_after_14d
2000-01-01,2000-03-22,82,157.0,2115.0,2,34,9.274212,17.74316
2000-03-27,2000-03-31,5,157.0,1845.0,1,34,11.185366,31.030846
2000-11-18,2000-11-23,6,713.0,11532.0,1,42,6.4396315,7.1583047
2000-11-26,2000-12-21,26,713.0,12268.0,1,43,2.9034653,3.357255
2000-12-23,2001-02-12,52,144.0,924.0,3,33,2.5893033,4.010804
2001-02-14,2001-03-03,18,189.0,643.0,1,33,10.777516,21.253323
2001-11-23,2001-12-13,21,677.0,7917.0,1,43,1.9809486,2.4282265
2001-12-15,2002-01-05,22,1300.0,9404.0,1,40,2.3364623,3.483224
2002-01-07,2002-02-26,51,242.0,668.0,1,27,7.7555375,18.90689
2002-11-25,2002-12-04,10,12203.0,156363.0,1,45,6.1283846,13.9302025
2002-12-16,2003-01-19,35,4810.0,56951.0,1,45,2.5377803,4.065923
2003-01-21,2003-02-20,31,1630.0,9819.0,1,44,9.058713,13.413409
2003-03-01,2003-03-09,9,687.0,6252.0,1,43,7.5815506,14.998097
2003-12-02,2003-12-08,7,7495.0,91876.0,1,45,4.774258,5.661296
2003-12-10,2004-01-23,45,4924.0,46452.0,1,44,2.5254402,2.7363472
2004-01-25,2004-02-14,21,1744.0,19084.0,1,40,3.1797535,5.978135
2004-02-16,2004-02-28,13,1744.0,14744.0,1,38,5.0317254,5.925999
2004-03-06,2004-04-02,28,931.0,9633.0,1,45,28.527664,44.367058
2004-11-27,2004-12-23,27,7140.0,102457.0,1,44,1.8561656,1.9252417
2004-12-25,2005-02-25,63,1919.0,11650.0,1,43,4.6561527,10.917485
2005-03-01,2005-03-05,5,698.0,6699.0,1,42,9.74158,25.028297
2005-03-28,2005-04-04,8,1407.0,11568.0,1,42,11.989367,27.738398
2005-11-06,2005-11-11,6,8283.0,141700.0,1,45,2.9226775,6.869606
2005-11-13,2005-11-20,8,8786.0,156863.0,1,45,2.8071244,3.7646859
2005-11-22,2006-02-21,92,2276.0,16630.0,1,41,4.806674,7.3606215
2006-02-23,2006-03-06,12,1058.0,8279.0,1,35,9.919113,21.657007
2006-11-24,2006-11-30,7,26912.0,565399.0,1,44,8.825737,12.030646
2006-12-09,2007-02-22,76,6961.0,44228.0,1,44,3.9211075,4.019303
2007-02-26,2007-03-09,12,3307.0,22153.0,1,44,10.025518,13.611399
2007-03-17,2007-03-25,9,1353.0,12767.0,1,45,7.636498,13.913359
2007-03-29,2007-04-07,10,1353.0,10481.0,1,44,23.73071,34.479652
2007-11-19,2007-11-23,5,23098.0,372038.0,7,39,2.0815232,4.33885
2007-11-25,2008-01-14,51,7763.0,143428.0,1,45,7.9995728,10.476264
2008-01-24,2008-03-06,43,3150.0,24371.0,1,45,12.138667,22.63125
2008-11-14,2009-01-23,71,31077.0,392133.0,1,45,9.774283,11.125783
2009-01-31,2009-02-26,27,6626.0,36932.0,1,45,8.121575,11.444593
2009-03-02,2009-03-07,6,3019.0,18693.0,1,45,3.5052688,7.7080917
2009-03-09,2009-03-21,13,1203.0,11410.0,1,45,4.7910714,15.093778
2009-03-26,2009-03-30,5,1022.0,9355.0,1,45,14.344459,41.747494
2009-11-09,2009-11-14,6,8810.0,111301.0,1,44,6.7845545,9.0279045
2009-11-18,2009-12-03,16,14073.0,177387.0,1,44,6.9506063,11.945868
2009-12-13,2009-12-27,15,14073.0,141672.0,1,44,4.485644,4.716611
2010-01-03,2010-02-14,43,1235.0,10174.0,1,44,7.008507,23.599499
2010-03-02,2010-03-12,11,618.0,4391.0,1,44,22.374289,32.769314
2010-03-25,2010-04-01,8,3154.0,13432.0,1,44,10.259791,25.613316
2010-11-27,2010-12-27,31,12949.0,160687.0,1,45,4.556241,4.8526664
2010-12-31,2011-02-25,57,1756.0,10679.0,1,45,3.3139799,5.1470366
2011-02-27,2011-03-14,16,522.0,7805.0,1,45,9.088839,17.066252
2011-11-25,2012-02-16,84,470.0,5241.0,1,41,4.672677,7.754807
2012-02-20,2012-02-25,6,1043.0,7833.0,2,41,2.5826092,4.1744485
2012-02-27,2012-03-11,14,1043.0,7520.0,1,43,4.614001,6.559493
2012-03-14,2012-03-26,13,1528.0,9953.0,1,44,4.20541,8.889449
2012-03-28,2012-04-05,9,1746.0,13432.0,1,44,7.0840855,23.487335
2012-11-18,2012-11-27,10,21316.0,524729.0,1,45,2.1655204,7.75328
2012-11-29,2012-12-06,8,21316.0,527905.0,1,44,4.40923,7.093973
2012-12-10,2013-01-08,30,19063.0,217102.0,1,44,2.190655,2.8694422
2013-01-10,2013-01-29,20,4823.0,57267.0,1,45,3.32222,3.9427269
2013-01-31,2013-03-08,37,1124.0,11447.0,1,44,9.08934,19.92595
2013-11-17,2013-11-24,8,13919.0,311860.0,1,45,2.7707927,6.083591
2013-11-27,2013-12-05,9,18214.0,368166.0,1,45,3.1802666,3.8569324
2013-12-07,2014-01-31,56,12120.0,137958.0,1,45,2.2947178,2.3624299
2014-02-02,2014-03-02,29,1579.0,24544.0,1,45,7.889191,28.800554
2014-03-14,2014-03-22,9,1179.0,17228.0,1,45,5.9503613,18.873976
2014-11-03,2014-11-08,6,30700.0,561427.0,1,45,7.1015205,17.669296
2014-11-27,2015-02-25,91,3813.0,41115.0,1,44,5.5773697,8.448495
2015-03-01,2015-03-12,12,3063.0,25691.0,1,44,3.8478198,11.19474
2015-03-14,2015-03-19,6,3063.0,27406.0,1,44,7.3469205,29.711086
2015-11-22,2015-11-29,8,12661.0,218384.0,1,44,13.535476,16.30472
2015-12-04,2016-03-03,91,979.0,9956.0,1,44,5.446609,14.905553
2016-10-30,2016-11-06,8,17713.0,177304.0,1,45,4.9205775,8.78234
2016-11-09,2016-11-17,9,17713.0,219969.0,1,45,8.36437,12.3276005
2016-11-25,2017-03-14,110,580.0,5003.0,1,45,6.781504,14.978414
2017-03-17,2017-03-22,6,952.0,8282.0,1,45,9.088462,15.60978
2017-11-14,2018-02-17,96,1799.0,20332.0,1,44,8.204786,18.624846
2018-03-05,2018-03-10,6,2148.0,17363.0,1,44,7.6578317,21.527216
2018-11-18,2018-12-02,15,11927.0,148513.0,1,45,4.936164,7.240101
2018-12-04,2018-12-08,5,11927.0,150637.0,1,45,3.0900345,3.7540395
2018-12-10,2019-02-23,76,2475.0,19933.0,1,45,5.036263,7.9594083
2019-02-25,2019-03-04,8,1773.0,13033.0,1,45,2.8007946,3.8598156
2019-03-06,2019-03-23,18,848.0,6889.0,1,45,6.6687994,11.404012
2019-04-03,2019-04-08,6,796.0,7183.0,1,45,19.082853,29.687857
2019-11-14,2019-11-19,6,12557.0,285488.0,1,45,15.209438,20.448114
2019-12-03,2019-12-09,7,40736.0,636558.0,1,45,10.972186,11.754383
2019-12-17,2020-01-27,42,40943.0,801855.0,1,45,5.464225,6.8715625
2020-02-01,2020-03-07,36,11493.0,69205.0,1,45,7.8390517,16.06434
2020-03-25,2020-04-07,14,1882.0,24441.0,1,45,13.120728,23.49306
2020-11-17,2020-11-26,10,52659.0,892053.0,1,44,4.1879053,5.027738
2020-11-30,2021-03-15,106,9750.0,108379.0,1,44,13.942435,18.924095
2021-03-27,2021-04-05,10,5537.0,82757.0,1,45,5.8600626,9.527495
2021-04-07,2021-04-11,5,5537.0,81066.0,1,45,4.140708,23.535717
2021-04-13,2021-04-18,6,6404.0,89444.0,1,45,19.395008,39.473644
2021-11-16,2021-11-28,13,55880.0,1240794.0,1,44,3.7526999,3.80659
2021-12-01,2021-12-25,25,77755.0,1566792.0,1,44,1.5378373,1.6790237
2021-12-27,2022-01-15,20,79691.0,2014698.0,1,45,5.6985574,5.7164545
2022-01-19,2022-03-10,51,37991.0,382209.0,1,43,2.3041687,3.8700566
2022-03-12,2022-04-05,25,18692.0,244801.0,1,43,7.665503,25.791883
2022-11-13,2022-11-22,10,99628.0,3130588.0,1,44,3.5294256,5.045704
2022-11-24,2022-12-12,19,116215.0,3494163.0,1,44,2.0965562,2.7063432
2022-12-14,2023-03-11,88,56368.0,1298426.0,1,45,13.068042,16.97639
2023-03-20,2023-03-24,5,56368.0,1210271.0,1,45,11.720405,13.762599
2023-04-01,2023-04-10,10,45858.0,1208778.0,1,45,11.779058,21.390757
2023-05-11,2023-05-15,5,44691.0,1032662.0,1,45,6.951521,20.43985
2023-11-26,2023-12-02,7,89742.0,3049085.0,1,45,4.2039,5.0481467
2023-12-04,2024-03-24,112,45221.0,910804.0,1,45,4.8651147,27.247948
2024-04-08,2024-04-17,10,40093.0,704711.0,1,45,5.3517194,15.544918
2024-05-05,2024-05-13,9,28308.0,446852.0,1,45,13.686935,32.451786
2024-11-05,2024-11-09,5,83951.0,2633942.0,1,45,6.277566,10.620975
2024-11-17,2024-11-21,5,83951.0,2555876.0,1,40,8.598988,8.835945
